Cohorts,Count
ROTTERDAM STUDY (RS),398
NO NAME,297
COOPERATIVE HEALTH RESEARCH IN THE REGION OF AUGSBURG (KORA),255
FRAMINGHAM HEART STUDY (FHS),207
ATHEROSCLEROSIS RISK IN COMMUNITIES STUDY (ARIC),204
CARDIOVASCULAR HEALTH STUDY (CHS),179
BRITISH 1958 BIRTH COHORT STUDY (B58C),156
UK ADULT TWIN REGISTER (TWINSUK),140
EUROPEAN PROSPECTIVE INVESTIGATION INTO CANCER (EPIC),132
NURSES HEALTH STUDY (NHS),129
STUDY OF HEALTH IN POMERANIA (SHIP),127
AGING GENE-ENVIRONMENT SUSCEPTIBILITY - REYKJAVIK STUDY (AGES),119
DECODE GENETICS (DECODE),113
ERASMUS RUCPHEN FAMILY STUDY (ERF),104
WELLCOME TRUST CASE CONTROL CONSORTIUM (WTCCC),103
MULTI-ETHNIC STUDY OF ATHEROSCLEROSIS (MESA),98
"HEALTH, AGING, AND BODY COMPOSITION STUDY (HEALTH ABC)",92
NORTHERN FINNISH BIRTH COHORT STUDY (NFBC),87
NETHERLANDS TWIN REGISTRY (NTR),78
ORKNEY COMPLEX DISEASE STUDY (ORCADES),78
LOTHIAN BIRTH COHORT (LBC),78
ESTONIAN GENOME CENTER OF THE UNIVERSITY OF TARTU (EGCUT),75
AVON LONGITUDINAL STUDY OF PARENTS AND CHILDREN (ALSPAC),75
COHORTE LAUSANNOISE (COLAUS),75
THE INVECCHIARE IN CHIANTI (INCHIANTI),70
WOMENS GENOME HEALTH STUDY (WGHS),69
HEALTH PROFESSIONAL FOLLOW-UP STUDY (HPFS),69
SARDINIA STUDY OF AGING (SARDINIA),68
BIOBANK JAPAN PROJECT (BBJ),68
CARDIOVASCULAR RISK IN YOUNG FINNS STUDY (YFS),67
WOMENS HEALTH INITIATIVE (WHI),63
HELSINKI BIRTH COHORT STUDY (HBCS),59
CROATIA-KORCULA STUDY (CROATIA-KORCULA),58
"PROSTATE, LUNG, COLORECTAL, AND OVARIAN CANCER SCREENING TRIAL (PLCO)",56
BALTIMORE LONGITUDINAL STUDY OF AGEING (BLSA),55
QUEENSLAND INSTITUTE OF MEDICAL RESEARCH (QIMR),54
CORONARY ARTERY RISK DEVELOPMENT IN YOUNG ADULTS (CARDIA),54
LONDON LIFE SCIENCES POPULATION STUDY (LOLIPOP),53
FINLAND-UNITED STATES INVESTIGATION OF NON-INSULIN-DEPENDENT DIABETES MELLITUS GENETICS (FUSION),49
LIFELINES (LIFELINES),49
UK BIOBANK (UKB),48
NETHERLANDS STUDY OF DEPRESSION AND ANXIETY (NESDA),47
FINRISK (FINRISK),46
CROATIA-VIS ISLAND STUDY (CROATIA-VIS),46
MULTIETHNIC COHORT STUDY OF DIET AND HEALTH (MEC),45
CROATIA-SPLIT STUDY (CROATIA-SPLIT),45
MICRO-ISOLATES IN SOUTH TYROL STUDY (MICROS),43
FAMILY HEART STUDY (FAMHS),42
GUTENBERG HEALTH STUDY (GHS),41
23ANDME (23ANDME),41
FENLAND STUDY (FENLAND),41
PRECOCIOUS CORONARY ARTERY DISEASE STUDY (PROCARDIS),40
PROSPECTIVE STUDY OF PRAVASTATIN IN THE ELDERLY AT RISK (PROSPER),40
WESTERN AUSTRALIAN PREGNANCY COHORT STUDY (RAINE),39
JACKSON HEART STUDY (JHS),39
PREVENTION OF RENAL AND VASCULAR ENDSTAGE DISEASE STUDY (PREVEND),38
THE POPULATION GENETIC COHORT (POPGEN),37
STUDY OF EPIDEMIOLOGY AND RISK FACTORS IN CANCER HEREDITY (SEARCH),37
HEALTH 2000 STUDY (HEALTH 2000),35
GERMAN MYOCARDIAL INFARCTION FAMILY STUDY (GERMIFS),34
"DIABETES GENETICS INITIATIVE OF BROAD INSTITUTE OF HARVARD AND MIT, LUND UNIVERSITY, AND NOVARTIS INSTITUTES OF BIOMEDICAL RESEARCH (DGI)",34
THE OLDER ORDER AMISH POPULATION STUDIES (AMISH),34
AUSTRIAN STROKE PREVENTION STUDY (ASPS),34
GENETIC EPIDEMIOLOGY NETWORK OF ARTERIOPATHY (GENOA),33
OSTEOPOROTIC FRACTURES IN MEN STUDY (MROS),32
SINGAPORE MALAY EYE STUDY (SIMES),32
MELBOURNE COLLABORATIVE COHORT STUDY (MCCS),32
NIJMEGEN BIOMEDICAL STUDY (NBS),32
BUSSELTON HEALTH STUDY (BHS),31
HEINZ NIXDORF RECALL STUDY (HNR),30
CHILDRENS HOSPITAL OF PHILADELPHIA (CHOP),30
LUDWIGSHAFEN RISK AND CARDIOVASCULAR HEALTH (LURIC),29
KOREAN ASSOCIATION RESOURCE PROJECT (KARE),29
PROSPECTIVE INVESTIGATION OF THE VASCULATURE IN UPPSALA SENIORS (PIVUS),29
CANCER PREVENTION STUDY (CPS),28
HEALTH AND RETIREMENT STUDY (HRS),28
GENERATION R STUDY GROUP (GENERATION R),28
UK NATIONAL BLOOD DONOR SERVICE (UKBS),28
FINNISH TWIN COHORT STUDY (FTC),27
BLUE MOUNTAIN EYE STUDY (BMES),27
SINGAPORE PROSPECTIVE STUDY PROGRAM (SP2),27
SORBS POPULATION (SORBS),26
ICELANDIC CANCER REGISTRY (ICR),26
NORTHERN SWEDEN POPULATION HEALTH STUDY (NSPHS),26
MALMO DIET AND CANCER STUDY (MDC),26
GENERATION SCOTLAND: SCOTTISH FAMILY HEALTH STUDY (GS:SFHS),25
HYPERTENSION GENETIC EPIDEMIOLOGY NETWORK (HYPERGEN),25
EPIDEMIOLOGICAL STUDY ON THE INSULIN RESISTANCE SYNDROME STUDY (DESIR),25
SINGAPORE CHINESE EYES STUDY (SCES),24
UPPSALA LONGITUDINAL STUDY OF ADULT MEN (ULSAM),24
HUNTER COMMUNITY STUDY (HCS),24
METABOLIC SYNDROME IN MEN (METSIM),24
RELIGIOUS ORDERS STUDY AND RUSH MEMORY AND AGING PROJECT (ROSMAP),24
GENETIC ASSOCIATION INFORMATION NETWORK (GAIN),24
GOTHENBURG OSTEOPOROSIS AND OBESITY DETERMINANTS STUDY (GOOD),24
THE MAYO CLINIC STUDY (MAYO),23
GENETIC STUDY OF ASPIRIN RESPONSIVENESS (GENESTAR),23
BRITISH GENETICS OF HYPERTENSION STUDY (BRIGHT),23
HEALTHY AGING IN NEIGHBORHOODS OF DIVERSITY ACROSS THE LIFE SPAN STUDY (HANDLS),23
CANCER PROSTATE IN SWEDEN (CAPS),22
SINGAPORE INDIAN EYE STUDY (SINDI),22
ITALIAN NETWORK ON GENETIC ISOLATES-FRIULI-VENEZIA GIULIA (INGI-FVG),22
COLON CANCER FAMILY REGISTRY (CCFR),21
MYOCARDIAL INFARCTION GENETICS CONSORTIUM (MIGEN),21
SWEDISH TWIN REGISTRY (STR),21
HISPANIC COMMUNITY HEALTH STUDY (HCHS),21
"ALPHA-TOCOPHEROL, BETA-CAROTENE CANCER PREVENTION STUDY (ATBC)",21
TWINGENE STUDY (TWINGENE),21
"ASIAN CONSORTIUM, COLORECTAL CANCER AICHI (AICHI)",21
KOREAN GENOME EPIDEMIOLOGY STUDY (KOGES),20
ITALIAN NETWORK ON GENETIC ISOLATES-CARLANTINO (INGI-CARLANTINO),20
STUDY OF LATINOS (SOL),19
NATIONAL CANCER INSTITUTE CANCER GENETIC MARKERS OF SUSCEPTIBILITY (CGEMS),19
THREE CITY STUDY (3C),19
INTERNATIONAL AGENCY FOR RESEARCH ON CANCER STUDY (IARC),19
SWISS STUDY ON AIR POLLUTION AND LUNG DISEASES IN ADULTS (SAPALDIA),19
CLEVELAND FAMILY STUDY (CFS),18
"ATHEROSCLEROTIC DISEASE, VASCULAR FUNCTION, AND GENETIC EPIDEMIOLOGY (ADVANCE)",18
THE HELLENIC STUDY OF INTERACTIONS BETWEEN SNPS & EATING IN ATHEROSCLEROSIS (HSIEA),18
BRISBANE ADOLESCENT TWINS STUDY (BATS),17
VANDERBILT GENOME-WIDE ASSOCIATION STUDIES (VANDERBILT),17
GENETIC EPIDEMIOLOGY RESEARCH IN ADULT HEALTH AND AGING (GERA),17
COPENHAGEN STUDY ON ASTHMA IN CHILDHOOD (COPSAC),17
ITALIAN NETWORK ON GENETIC ISOLATES-VAL BORBERA (INGI-VAL BORBERA),17
AUSTRALIAN TWIN-FAMILY STUDIES (AUSTWIN),16
SINGAPORE AND SWEDEN BREAST CANCER STUDY (SASBAC),16
SGENE (SGENE),16
HEART AND VASCULAR HEALTH ATRIAL FIBRILLATION STUDY (HVH),16
INTER99 STUDY (INTER99),16
THE PAKISTAN RISK OF MYOCARDIAL INFARCTION STUDY (PROMIS),16
LIFESTYLE IMMUNE SYSTEM ALLERGY STUDY (LISA),15
VIS STUDY (VIS),15
MD ANDERSON CANCER CENTER STUDY (MDACCS),15
STUDY OF ADDICTION: GENETICS AND ENVIRONMENT (SAGE),15
MOLECULAR GENETICS OF SCHIZOPHRENIA COLLABORATION (MGS),15
ELY STUDY (ELY),15
PENNCATH (PENNCATH),15
DANISH NATIONAL BIRTH COHORT (DNBC),14
PREVENTION AND INCIDENCE OF ASTHMA AND MITE ALLERGY BIRTH COHORT STUDY (PIAMA),14
NASHVILLE BREAST HEALTH STUDY (NBHS),14
CARDIO-METABOLIC GENOME EPIDEMIOLOGY STUDY (CAGE),14
PHYSICIANS HEALTH STUDY (PHS),14
CEBU LONGITUDINAL HEALTH AND NUTRITION SURVEY (CLHNS),14
GENETICS OF EARLY ONSET STROKE (GEOS),14
TRACKING ADOLESCENTS INDIVIDUAL LIVES SURVEY (TRAILS),14
ESTHER BREAST CANCER STUDY (ESTHER),13
HEALTH2000 GENMETS STUDY (GENMETS),13
MINNESOTA CENTER FOR TWIN AND FAMILY RESEARCH (MCTFR),13
NORWEGIAN MOTHER AND CHILD COHORT STUDY (MOBA),13
NORD-TRÏ¿½NDELAG HEALTH STUDY (HUNT),13
OGLIASTRA GENETIC PARK-TALANA STUDY (OGP-TALANA),13
HEART PROTECTION STUDY (HPS),12
GLAXOSMITHKLINE (GSK),12
GENETIC EPIDEMIOLOGY NETWORK OF SALT-SENSITIVITY STUDY (GENSALT),12
GENETICS OF DIABETES AUDIT AND RESEARCH (GODARTS),12
INFANCIA Y MEDIO AMBIENTE PROJECT (INMA),12
DIABETES CONTROL AND COMPLICATION TRIAL (DCCT),12
LEIDEN LONGEVITY STUDY (LLS),12
GENE ENVIRONMENT INTERACTION AND BREAST CANCER IN GERMANY (GENICA),12
NBHS/SOUTHERN COMMUNITY COHORT (SCCS),12
RIKEN (RIKEN),12
WHITEHALL STUDY (WHITEHALL),12
MEDSTARCARDIAC CATHETERIZATION STUDY (MEDSTAR),12
AUSTRALIAN OVARIAN CANCER STUDY (AOCS),12
RELATIONSHIP BETWEEN INSULIN SENSITIVITY AND CARDIOVASCULAR DISEASE (RISC),11
GENES AFFECTING STROKE RISK AND OUTCOME STUDY (MGH-GASROS),11
EUROPEAN COMMUNITY RESPIRATORY HEALTH SURVEY (ECRHS),11
SYDNEY MEMORY AND AGEING STUDY (MAS),11
SHANGHAI BREAST CANCER STUDY (SBCS),11
SHANGHAI WOMENS HEALTH STUDY (SWHS),11
DARMKREBS: CHANCEN DER VERHÏ¿½TUNG DURCH SCREENING (DACHS),11
GENETIC EPIDEMIOLOGY OF METABOLIC SYNDROME STUDY (GEMS),11
MAMMARY CARCINOMA RISK FACTOR INVESTIGATION (MARIE),11
UK STAGE (UK),11
GENETICS OF OVERWEIGHT YOUNG ADULTS (GOYA),11
AUSTRALIAN & NEW ZEALAND REGISTRY OF ADVANCED GLAUCOMA (ANZRAG),11
THEMATICALLY ORGANIZED PSYCHOSES RESEARCH STUDY (TOP),11
AUSTRALIAN BREAST CANCER FAMILY STUDY (ABCFS),11
MARSEILLE THROMBOSIS ASSOCIATION (MARTHA),11
MAYO CLINIC BREAST CANCER STUDY (MCBCS),11
HOWARD UNIVERSITY FAMILY STUDY (HUFS),10
NUTRITION AND HEALTH OF AGING POPULATION IN CHINA (NHAPC),10
HELSINKI BREAST CANCER STUDY (HEBCS),10
INTERNATIONAL SCHIZOPHRENIA CONSORTIUM SWEDEN (ISC-SWEDEN),10
OTTAWA HEART GENOMICS STUDY (OHGS),10
BEIJING EYE STUDY (BES),10
ISCHEMIC STROKE GENETICS STUDY (ISGS),10
EXETER FAMILY STUDY OF CHILDHOOD HEALTH (EFSOCH),10
BRITISH WOMENS HEART & HEALTH STUDY (BWHHS),10
ONTARIO REGISTRY FOR STUDIES OF FAMILIAL COLORECTAL CANCER (OFCCR),10
SUPPLEMENTATION EN VITAMINES ET MINERAUX ANTIOXYDANTS (SUVIMAX),10
ITALIAN NETWORK ON GENETIC ISOLATES-CLIENTO (INGI-CILENTO),10
POLISH BREAST CANCER STUDY (PBCS),10
PROSPECTIVE EPIDEMIOLOGICAL RISK FACTOR STUDY (PERF),10
"BIOVU, THE VANDERBILT DNA DATABANK PROJECT (BIOVU)",10
CAROLINA BREAST CANCER STUDY (CBCS),10
WOMENS CIRCLE OF HEALTH STUDY (WCHS),10
UTAH CHRONIC LYMPHOCYTIC LEUKEMIA STUDY (UTAH),10
UK MEDICAL RESEARCH COUNCIL (MRC),10
COROGENE: INTERNATIONAL STUDIES OF INFARCT SURVIVAL (COROGENE),10
STUDY OF OSTEOPOROTIC FRACTURES (SOF),10
BAVARIAN BREAST CANCER CASES AND CONTROLS (BBCC),9
BRITISH BREAST CANCER STUDY (BBCS),9
NATIONAL CANCER INSTITUTE (NCI),9
DORTMUND HEALTH STUDY (DHS),9
"DIET, ACTIVITY, AND LIFESTYLE STUDY (DALS)",9
CHRONIC OBSTRUCTIVE PULMONARY DISEASE GENE STUDY (COPDGENE),9
EUROPEAN SPECIAL POPULATION NETWORK CONSORTIUM (EUROSPAN),9
RADBOUD UNIVERSITY NIJMEGEN MEDICAL CENTRE (RUNMC),9
AUSTRALIAN STROKE GENETICS COLLABORATIVE (ASGC),9
UK GENETIC PROSTATE CANCER STUDY (UKGPCS),9
EPIDEMIOLOGICAL STUDY OF GENETICS AND ENVIRONMENT OF ASTHMA (EGEA),9
SCARFSHEEP (SCARFSHEEP),9
MONITORING OF TRENDS AND DETERMINANTS IN CARDIOVASCULAR DISEASE (MONICA),9
MOUNT SINAI BIOME BIOBANK (MOUNT SINAI),9
VITAMINS AND LIFESTYLE COHORT STUDY (VITAL),9
MRC NATIONAL SURVEY OF HEALTH AND DEVELOPMENT (NSHD),9
DONGFENG-TONGJI COHORT STUDY (DFTJ),9
KOREAN CANCER PREVENTION STUDY (KCPS),9
COPENHAGEN GENERAL POPULATION STUDY (CGPS),9
TRANSLATIONAL GENOMICS RESEARCH INSTITUTE (TGEN),9
TWINS EYE STUDY IN TASMANIA (TEST),9
THE NETHERLANDS EPIDEMIOLOGY OF OBESITY STUDY (NEO),9
OGLIASTRA GENETIC PARK (OGP),9
SHANGHAI DIABETES STUDY (SDS),9
LOS ANGELES COMPONENT OF THE WOMENS CONTRACEPTIVE AND REPRODUCTIVE EXPERIENCES STUDY (CARE),9
TYPE 1 DIABETES GENETICS CONSORTIUM (T1DGC),9
ALZHEIMERS DISEASE NEUROIMAGING INITIATIVE (ADNI),9
HONG KONG STUDY (HKS),9
KIEL POPGEN BIOBANK STUDY (KIEL),9
JAPAN PUBLIC HEALTH CENTER STUDY (JPHC),8
GENETIC LUNG CANCER PREDISPOSITION STUDY (GELCAPS),8
MAYWOOD COHORT (MAYWOOD),8
HERTFORDSHIRE COHORT STUDY (HERCS),8
NORTHERN CALIFORNIA BREAST CANCER FAMILY REGISTRY (NC-BCFR),8
UK BLOOD SERVICES DONOR PANEL (UKBS),8
THE TROMSO STUDY (TROMSO),8
"RISK ASSESSMENT OF CEREBROVASCULAR EVENTS STUDY, PAKISTAN (RACE)",8
MILANO BESTA INSTITUTE STROKE STUDY (MILANO),8
GENETICS OF LIPID LOWERING DRUGS AND DIET NETWORK STUDY (GOLDN),8
GENE-LIFESTYLE INTERACTIONS AND COMPLEX TRAITS INVOLVED IN ELEVATED DISEASE RISK STUDY (GLACIER),8
SHEFFIELD BREAST CANCER STUDY (SBCS_B),8
CENTER OF EXCELLENCE-BADEN-WUERTTEMBERG TYPE 2 DIABETES COHORT (ULM),8
WAKE FOREST UNIVERSITY BREAST CANCER STUDY (WFBC),8
"BOTNIA PREVALENCE, PREDICTION AND PREVENTION OF DIABETES STUDY (BPPP)",8
TORINO BLADDER CANCER STUDY (TBCS),8
ROTTERDAM BREAST CANCER STUDY (RBCS),8
COLLABORATIVE ASSOCIATION STUDY OF PSORIASIS (CASP),8
PROSTATE TESTING FOR CANCER AND TREATMENT STUDY (PROTECT),8
BIO-REPOSITORY OF DNA IN STROKE (BRAINS),8
GENETICS OSTEOARTHRITIS AND PROGRESSION (GARP),8
KOREAN-NATIONAL CANCER CENTER STUDY (KOREA-NCC),8
NORTHERN MANHATTAN STUDY (NOMAS),8
FRAMINGHAM EYE STUDY (FES),8
SINGAPORE DIABETES COHORT STUDY (SDCS),8
HEART AND AGING RESEARCH IN GENOMIC EPIDEMIOLOGY (CHARGE),8
NATIONAL INSTITUTE OF MENTAL HEALTH (NIMH),8
CHINGFORD STUDY (CHINGFORD),8
CPCS (CPCS),8
GERMAN INFANT STUDY ON THE INFLUENCE OF NUTRITION INTERVENTION (GINI),8
NATIONAL STUDY OF COLORECTAL CANCER GENETICS (NSCCG),8
COPENHAGEN CITY HEART STUDY (CCHS),8
B-VITAMINS FOR THE PREVENTION OF OSTEOPOROTIC FRACTURES (B-PROOF),8
LIFESTYLE AND GENETIC DETERMINANTS OF OBESITY AND METABOLIC SYNDROME STUDY (DILGOM),8
"HEALTH, RISK FACTORS, TRAINING AND GENETICS FAMILY STUDY (HERITAGE)",8
ALZHEIMER DISEASE CENTER (ADC),8
"FRED HUTCHINSON CANCER RESEARCH CENTER, SEATTLE US (FHCRC)",8
WOMENS HEALTH INITIATIVE SNP HEALTH ASSOCIATION RESOURCE (WHI-SHARE),8
KUOPIO BREAST CANCER PROJECT (KBCP),8
SYSTEMATIC TREATMENT ENHANCEMENT PROGRAM FOR BIPOLAR DISORDER (STEP),8
PHARMACOGENETIC STUDY OF STATIN IN THE ELDERLY AT RISK (PHASE),8
UK TYPE 2 DIABETES GENETICS CONSORTIUM (UK2 GCC),7
SALZBURG ATHEROSCLEROSIS PREVENTION PROGRAM IN SUBJECTS AT HIGH INDIVIDUAL RISK (SAPHIR),7
ANGLO-SCANDINAVIAN CARDIAC OUTCOMES TRIAL (ASCOT),7
UNIVERSITY OF SOUTHERN CALIFORNIA (USC),7
SIBLINGS WITH ISCHEMIC STROKE STUDY (SWISS),7
SAN FRANCISCO BAY AREA BREAST CANCER STUDY (SFBCS),7
QUEBEC FAMILY STUDY (QFS),7
DIABETES GENETICS (DIAGEN),7
HEALTH EXAMINEE SHARED CONTROL STUDY (HEXA),7
REASONS FOR GEOGRAPHIC AND RACIAL DIFFERENCES IN STROKE (REGARDS),7
"CHILDREN, ALLERGY, MILIEU, STOCKHOLM, EPIDEMIOLOGY (BAMSE)",7
SEOUL BREAST CANCER STUDY (SEBCS),7
CANCER HORMONE REPLACEMENT EPIDEMIOLOGY IN SWEDEN (CAHRES),7
BREAST CANCER FAMILY REGISTRY (BCFR),7
MOFFITT CANCER CENTER OVARIAN CANCER STUDY (MOF),7
EVALUATION OF COPD LONGITUDINALLY TO IDENTIFY PREDICTIVE SURROGATE END-POINTS (ECLIPSE),7
EUROPEAN DESCENT IN THE DIABETES GENETICS REPLICATION AND META-ANALYSIS (DIAGRAM),7
OXFORD BIOBANK (OBB),7
KAROLINSKA BREAST CANCER STUDY (KARBAC),7
KAROLINSKA MAMMOGRAPHY PROJECT FOR RISK PREDICTION OF BREAST CANCER (PKARMA),7
JUSTIFICATION FOR THE USE OF STATINS IN PRIMARY PREVENTION: AN INTERVENTION TRIAL EVALUATING ROSUVASTATIN (JUPITER),7
TAMPERE UNIVERSITY HOSPITAL (TAMPERE),7
TASMANIAN STUDY OF COGNITION AND GAIT (TASCOG),7
VITAMIN INTERVENTION FOR STROKE PREVENTION (VISP),7
EPIGEN (EPIGEN),7
EPIDEMIOLOGY OF DIABETES INTERVENTIONS AND COMPLICATIONS (EDIC),7
NANJING STUDY (NJ STUDY),7
TWINS EARLY DEVELOPMENT STUDY (TEDS),7
OSTEOPOROSIS CLINIC OF ASAN MEDICAL CENTER (AMC-PAS),7
LEUVEN MULTIDISCIPLINARY BREAST CENTRE (LMBC),7
GENETIC REGULATION OF ARTERIAL PRESSURE IN HUMANS IN THE COMMUNITY (GRAPHIC),7
DRS EXTRA (DRS EXTRA),7
NIJMEGEN BLADDER CANCER STUDY (NBCS),7
GENE BY ENVIRONMENT (GXE),7
DUBBO OSTEOPOROSIS EPIDEMIOLOGY STUDY (DOES),7
NIDDK (NIDDK),7
CARDIOMETABOLIC RISK IN CHINESE (CRC),7
AGE-RELATED EYE DISEASE STUDY (AREDS),7
NEW ENGLAND BLADDER CANCER STUDY (NEBCS),7
HELLENIC COOPERATIVE ONCOLOGY GROUP (DEMOKRITOS),6
NATIONAL EYE INSTITUTE GLAUCOMA HUMAN GENETICS COLLABORATION (NEIGHBOR),6
ICELAND AAA GWAS DATASET (IBCS),6
SHANGHAI ENDOMETRIAL CANCER STUDY (SECS),6
ONTARIO FAMILIAL BREAST CANCER REGISTRY (OFBCR),6
LEEDS BLADDER CANCER STUDY (LBCS),6
ONCOLOGY DEPARTMENT OF ZARAGOZA HOSPITAL (ODZH),6
FINNISH TWIN STUDY ON AGING (FITSA),6
QUASAR2 (QUASAR2),6
SCOTTISH COLORECTAL CANCER STUDY (SOCCS),6
OULU BREAST CANCER STUDY (OBCS),6
ROSWELL PARK CANCER INSTITUTE (RPCI),6
MDD2000 STUDY (MDD2000),6
RADIANT (RADIANT),6
HAPMAP (HAPMAP),6
JAPANESE MILLENIUM GENOME PROJECT (JMGP),6
GUANGXI FANGCHENGGANG AREA MALE HEALTH AND EXAMINATION SURVEY (FAMHES),6
PROSPECTIVE STUDY OF OUTCOMES IN SPORADIC VERSUS HEREDITARY BREAST CANCER STUDY (POSH),6
RELIGIOUS ORDERS STUDY (ROS),6
MASSACHUSETTS GENERAL HOSPITAL ATRIAL FIBRILLATION STUDY (MGH),6
META-ANALYSES OF GLUCOSE AND INSULIN-RELATED TRAITS CONSORTIUM (MAGIC),6
POLAND OVARIAN CANCER STUDY (POCS),6
HEALTH2006 STUDY (HEALTH2006),6
LEIDEN UNIVERSITY MEDICAL CENTRE BREAST CANCER STUDY (ORIGO),6
EPIDEMIOLOGICAL INVESTIGATION OF RHEUMATOID ARTHRITIS (EIRA),6
JOHNSTON COUNTY OSTEOARTHRITIS PROJECT (JOCO),6
PCMUS (PCMUS),6
D2D2007 (D2D2007),6
MANCHESTER ASTHMA AND ALLERGY STUDY (MAAS),6
PANSCAN (PANSCAN),6
MAYO CLINIC OVARIAN CANCER STUDY (MOCS),6
MUNICH MORPHOMETRY SAMPLE (MPIP),6
NIGERIAN BREAST CANCER STUDY (NIGBCS),6
,6
ARCOGEN (ARCOGEN),6
UNIVERSITY OF TOKYO (TOKYO),6
SINGAPORE COHORT STUDY OF THE RISK FACTORS FOR MYOPIA STUDY (SCORM),6
AMSTERDAM BREAST CANCER STUDY (ABCS),6
SPANISH NATIONAL CANCER CENTRE (CNIO),6
SPT (SPT),6
TOMSK (TOMSK),6
CECILE BREAST CANCER STUDY (CECILE),6
VICTOR (VICTOR),6
BOGALUSA HEART STUDY (BHS_B),6
BONE MINERAL DENSITY IN CHILDHOOD STUDY (BMDCS),6
BREAST CANCER IN GALWAY GENETIC STUDY (BIGGS),6
THE BERLIN AGING STUDY (BASE),6
TEXAS BLADDER CANCER STUDY (TXBCS),6
ST_DTISCHES KLINIKUM KARLSRUHE DEUTSCHES KREBSFORSCHUNGSZENTRUM STUDY (SKKDKFZS),6
TEENS OF ATTICA: GENES AND ENVIRONMENT (TEENAGE),6
CALCIUM INTAKE FRACTURE OUTCOME STUDY (CAIFOS),6
SINGAPORE CHINESE HEALTH STUDY (SCHS),6
TAIWAN BIOBANK (TAIWAN),6
CLINICAL ANTIPSYCHOTIC TRIALS OF INTERVENTION EFFECTIVENESS (CATIE),6
ASIAN INDIAN DIABETIC HEART STUDY (AIDHS),6
UK OVARIAN CANCER POPULATION STUDY (UKOPS),6
HANNOVER-JENA OVARIAN CANCER STUDY (HJOCS),5
NSW NON-HODGKIN LYMPHOMA STUDY  (NSW),5
EADI (EADI),5
NORWEGIAN COGNITIVE NEUROGENETICS STUDY (NCNG),5
THE JAPAN MULTI-INSTITUTIONAL COLLABORATIVE COHORT STUDY (J-MICC),5
NORTH AMERICAN RHEUMATOID ARTHRITIS CONSORTIUM (NARAC),5
PROSTATE CANCER CASE-CONTROL STUDIES AT MD ANDERSON (MDA),5
GENE-ENVIRONMENT INTERACTION IN PROSTATE CANCER STUDY (GECAP),5
HAWAIIAN COLORECTAL CANCER STUDIES 2&3 (HAWAIIAN COLO2&3),5
HAWAII OVARIAN CANCER STUDY (HOCS),5
LEUVEN STROKE GENETICS STUDY (LSGS),5
SHANGHAI MENS HEALTH STUDY (SMHS),5
THE ENGLISH LONGITUDINAL STUDY OF AGEING (ELSA),5
VERONA HEART STUDY (VHS),5
GENETIC FACTORS FORÂ OSTEOPOROSISÂ CONSORTIUM (GEFOS),5
THE STUDY OF ASTHMA PHENOTYPES AND PHARMACOGENOMIC INTERACTIONS BY RACE-ETHNICITY (SAPPHIRE),5
HOSPITAL-BASED EPIDEMIOLOGIC RESEARCH PROGRAM AT AICHI CANCER CENTER (HERPACC),5
COLORECTAL CANCER GENETICS STUDY (COGS),5
GENETICS OF CHRONIC OBSTRUCTIVE LUNG DISEASE (GENKOLS),5
NATIONAL STUDY OF ENDOMETRIAL CANCER GENETICS (NSECG),5
IMAGEN (IMAGEN),5
GENETICS OF SUBSTANCE DEPENDENCE YALE PENN (YALE-PENN),5
DIABETES GENE DISCOVERY GROUP (DGDG),5
COLORECTAL TUMOUR GENE IDENTIFICATION STUDY (CORGI),5
EAS (EAS),5
FOX CHASE CANCER CENTER (FCCC),5
ASSOCIATION STUDY EVALUATING RISK FOR SPORADIC COLORECTAL CANCER (ASTERISK),5
CERVICAL ARTERY DISSECTION AND ISCHEMIC STROKE PATIENTS (CADISP),5
IHCC-SZCZECIN BREAST CANCER STUDY (SZBCS),5
CAERPHILLY PROSPECTIVE STUDY (CAEPS),5
CAD (CAD),5
HEALTH2 STUDY (HEALTH2),5
IMPROVE (IMPROVE),5
CALIFORNIA TEACHERS STUDY (CTS),5
CAMBRIDGE BIORESOURCE (CBR),5
EPILYMPH CASE-CONTROL STUDY IN SIX EUROPEAN COUNTRIES (EPILYMPH),5
FBPP (FBPP),5
PHYSICAL ACTIVITY AND NUTRITION IN CHILDREN STUDY (PANIC),5
BRIGHAM AND WOMENS HOSPITAL (BWH),5
BRESCIA BLADDER CANCER STUDY (BBCS_B),5
POLAND (POLAND),5
ENVIRONMENT AND GENETICS IN LUNG CANCER ETIOLOGY STUDY (EAGLE),5
OMAHA OSTEOPOROSIS STUDY (OOS),5
OLDER AUSTRALIAN TWINS STUDY (OATS),5
OLD ORDER AMISH (OOA),5
MARSHFIELD CLINIC (MARSHFIELD),5
THE COLLABORATIVE STUDY ON THE GENETICS OF ALCOHOLISM (COGA),5
POSTMENOPAUSAL HORMONES SUPPLEMENTARY STUDY TO THE COLON CANCER FAMILY REGISTRY (PMH-CCFR),5
BREAST CANCER STUDY OF THE UNIVERSITY CLINIC HEIDELBERG (BSUCH),5
ICELANDIC COHORT (ICELANDIC),5
NYU-WHS (NYU-WHS),5
SPECIAL TURKU CORONARY RISK FACTOR INTERVENTION PROJECT (STRIP),5
LONG LIFE FAMILY STUDY (LLFS),5
MT. SINAI BIOME BIOBANK PLATFORM (IMP),5
GERMANY (GERMANY),5
INTERHEART STUDY (ITH),5
AUSTRALIAN NATIONAL ENDOMETRIAL CANCER STUDY (ANECS),5
NAGOYA STUDY (NAGOYA),5
ROYAL MARSDEN HOSPITAL TRUST/INSTITUTE OF CANCER RESEARCH FAMILY HISTORY AND DNA REGISTRY (RMHT),5
GERMAN CONSORTIUM FOR HEREDITARY BREAST & OVARIAN CANCER (GC-HBOC),5
CORONARY ARTERY DISEASE AND GENOMICS (CADOMICS),5
MEMORIAL-SLOAN KETTERING LYMPHOPROLIFERATIVE DISORDERS STUDY (MSKCC),5
AUSTRALIAN BREAST CANCER TISSUE BANK (ABCTB),5
GERMAN OVARIAN CANCER STUDY (GOCS),5
SOUTHAMPTON WOMENS SURVEY (SWS),5
SEA ISLANDS GENETICS NETWORK (SIGNET),5
LUND STROKE REGISTER (LSR),5
UK BREAKTHROUGH GENERATIONS STUDY (UKBGS),5
MEDICAL RECORDS AND GENOMICS STUDY (EMERGE),5
"NATIONAL CANCER INSTITUTE- SURVEILLANCE, EPIDEMIOLOGY, AND END RESULTS INTERDISCIPLINARY CASE-CONTROL STUDY OF NON-HODGKINS LYMPHOMA (NCI-SEER)",5
SCANDINAVIAN LYMPHOMA ETIOLOGY STUDY (SCALE),5
SGENE PLUS (SGENE+),5
MONTREAL/BOSTON COLLECTION (M-BC),5
CHARGE (CHARGE),5
CILENTO STUDY (CILENTO),5
LOS ANGELES STUDY OF AGGRESSIVE PROSTATE CANCER (LAAPC),5
KYOTO UNIVERSITY (KYOTO),4
UK FAMILIAL OVARIAN CANCER REGISTRY (UKFOCR),4
"MONICA RISK, GENETICS, ARCHIVING AND MONOGRAPH (MORGAM)",4
UK BILEVE COHORT INFORMATION (UKBILEVE),4
MONTREAL GENE-ENVIRONMENT BREAST CANCER STUDY (MTLGEBCS),4
ASIAN GENETIC EPIDEMIOLOGY NETWORK (AGEN),4
GREATER CINCINNATI/NORTHERN KENTUCKY STROKE STUDY (GCNKSS),4
MOLECULAR EPIDEMIOLOGY OF NON-HODGKIN LYMPHOMA  (UCSF2),4
HELSINKI OVARIAN CANCER STUDY (HEOCS),4
FINNISH CARDIOVASCULAR STUDY (FINCAVAS),4
UNIVERSITY COLLEGE LONDON (UCL),4
LONGITUDINAL AGING STUDY AMSTERDAM (LASA),4
"MICHIGAN, MAYO, AGE-RELATED EYE DISEASE STUDY, PENNSYLVANIA (MMAP)",4
AUSTRALIAN ASTHMA GENETICS CONSORTIUM (AAGC),4
WASHINGTON UNIVERSITY ST. LOUIS STUDY (WUSTL),4
MD ANDERSON CANCER CENTER LUNG CANCER STUDY (MDACCLC),4
EUROPEAN PROSPECTIVE OSTEOPOROSIS STUDY (EPOS),4
ATTENTION-DEFICIT HYPERACTIVITY DISORDER (ADHD),4
TAIWAN SUPER CONTROL STUDY (TWSC),4
KOREAN HEREDITARY BREAST CANCER STUDY (KOHBRA),4
HANNOVER-MINSK BREAST CANCER STUDY (HMBCS),4
WASHINGTON HEIGHTS-INWOOD COLUMBIA AGING PROJECT (WHICAP),4
BRHS (BRHS),4
HANNOVER-MINSK OVARIAN CANCER STUDY (HMOCS),4
KRAKOW STROKE GENETICS STUDY (KRAKOW),4
BRITISH COLUMBIA NON-HODGKIN LYMPHOMA STUDY (BCCA),4
TAIWANESE BREAST CANCER STUDY (TWBCS),4
BRISBANE LONGITUDINAL TWIN STUDY (BLTS),4
OREGON OVARIAN CANCER REGISTRY (OHSU),4
MULTICENTER ITALIAN STUDY ON GENE-ENVIRONMENT INTERACTIONS IN LYMPHOMA ETIOLOGY: TRANSLATIONAL ASPECTS (ITALIAN GXE),4
FINGESTURE (FINGESTURE),4
MUNICH ANTIDEPRESSANT RESPONSE SIGNATURE (MARS),4
GILDA RADNER FAMILIAL OVARIAN CANCER REGISTRY (GRFOCR),4
BREAST CANCER ASSOCIATION CONSORTIUM (BCAC),4
GERAD (GERAD),4
THEBETULA STUDY (BETULA),4
ATHEROREMO (ATHEROREMO),4
NHANES (NHANES),4
TIANJIN STUDY (TIANJIN),4
BC (BC),4
MASSACHUSSETTS EYE AND EAR INFIRMARY (MEEI),4
HORMONES AND OVARIAN CANCER PREDICTION STUDY (HOPE),4
BELGIUM OVARIAN CANCER STUDY (BOCS),4
"UC IRVINE OVARIAN CANCER STUDY, CALIFORNIA (UCIOCS)",4
ATHEROEXPRESS (AEGS1),4
GENEVA DENTAL CARIES STUDY (GENEVA-DCS),4
AMISH FAMILY OSTEOPOROSIS STUDY (AFOS),4
NATIONAL EMPHYSEMA TREATMENT TRIAL (NETT),4
NATIONAL INSTITUTE ON AGING (NIA),4
GENOME-WIDE SCAN FOR PARKINSONS DISEASEÏ¿½ INITIATIVE (GENEPD),4
GENOTYPEÏ¿½PHENOTYPE ASSOCIATIONS IN ALZHEIMERS DISEASE (GENADA),4
GENOMICS COLLABORATIVE INITIATIVE (GCI),4
HARVARD BREAST CANCER SPORE BLOOD REPOSITORY (DFCI),4
VAL BORBERA (VAL BORBERA),4
LOS ANGELES COUNTY CASE-CONTROL STUDIES OF OVARIAN CANCER (LAC-CCOC),4
GENETIC EPIDEMIOLOGY OF OVARIAN CANCER (FROC&GEOCS),4
NORTH TRONDELAG HEALTH STUDY (HUNT),4
THE ICELANDIC GENEALOGICAL DATABASE (IGD),4
UCSF FAMILY ALCOHOLISM STUDY (UCSF),4
BREAKTHROUGH GENERATIONS STUDY (BGS),4
GENOMEUTWIN STUDY (GENOMEUTWIN),4
UNIVERSITY OF WASHINGTON (WASHU),4
WAKE FOREST UNIVERSITY SCHOOL OF MEDICINE STUDY (WFSM),4
NORTHWESTERN UNIVERSITYS PROSTATE CANCER SPECIALIZED PROGRAM OF RESEARCH EXCELLENCE (SPORE),4
GENDIAN (GENDIAN),4
NORTH CAROLINA OVARIAN CANCER STUDY (NCOCS),4
BLACK WOMENS HEALTH STUDY (BWHS),4
GENE MSA NL (GENE MSA NL),4
GENE MSA US (GENE MSA US),4
NAGAHAMA PROSPECTIVE GENOME COHORT FOR THE COMPREHENSIVE HUMAN BIOSCIENCE (NAGAHAMA STUDY),4
NAGANO BREAST CANCER STUDY (NAGBCS),4
LEIPZIG CHILDHOOD OBESITY COHORT (LEIPZIG),4
LEUVEN ENDOMETRIAL CANCER STUDY (LES),4
ALCOHOL RESEARCH USING AUSTRALIAN TWINS AND THEIR FAMILIES (OZALC),4
BAVARIAN OVARIAN CANCER CASES AND CONTROLS (BOCC),4
LIMBURG CANCER REGISTRY (LIKAR),4
INTERNATIONAL MULTIPLE SCLEROSIS GENETICS CONSORTIUM US (IMSGC US),4
SAGUENAY YOUTH STUDY (SYS),4
CHOLESTEROL AND ATHEROSCLEROSIS PHARMACOGENETICS (CAP),4
INTERNATIONAL MULTIPLE SCLEROSIS GENETICS CONSORTIUM UK (IMSGC UK),4
STROKE IN YOUNG FABRY PATIENTS (SIFAP),4
WOMENS CANCER RESEARCH INSTITUTE - CEDARS-SINAI MEDICAL CENTER (WCRI),4
CANADIAN MULTICENTRE OSTEOPOROSIS STUDY (CAMOS),4
SOUTHAMPTON OVARIAN CANCER STUDY (SOCS),4
ITALIAN ATHEROSCLEROSIS THROMBOSIS AND VASCULAR BIOLOGY (IATVB),4
CORONARY ARTERY DISEASE GENOME-WIDE REPLICATION AND META-ANALYSIS (CARDIOGRAM),4
ZUCKER HILLSIDE HOSPITAL (ZHH),4
YALE (YALE),4
KANSAS-CITY OSTEOPOROSIS STUDY (KCOS),4
"CASE-CONTROL STUDY OF PROSTATE CANCER AMONG AFRICAN AMERICANS IN WASHINGTON, DC (DCPC)",4
IRASFS (IRASFS),4
POPULATION-BASED AUTISM GENETICS AND ENVIRONMENT STUDY (PAGES),4
CANCER GENOME ATLAS (TCGA),4
CAROTENE AND RETINOL EFFICACY TRIAL (CARET),4
CANDIDATE GENE ASSOCIATION RESOURCE (CGARE),4
EDINBURGH STROKE STUDY (ESS),4
CHD (CHD),4
SPANISH BLADDER CANCER STUDY (SPBCS),4
SEGOVIA (SEGOVIA),4
PRAVASTATIN INFLAMMATION CRP EVALUATION STUDY (PRINCE),4
"CHARLES R BRONFMAN INSTITUTE FOR PERSONALIZED MEDICINE - IPM / BIOBANK GENOME WIDE ASSOCIATION STUDY OF CARDIOVASCULAR, RENAL AND METABOLIC PHENOTYPES (IPM)",4
ISAAC (ISAAC),4
INCIPE (INCIPE),4
SHANGHAI BREAST CANCER SURVIVAL STUDY (SBCSS),4
CHICAGO HEALTH AND AGING PROJECT (CHAP),4
INTERNATIONAL SCHIZOPHRENIA CONSORTIUM ABERDEEN (ISC-ABERDEEN),4
COIN (COIN),4
KING COUNTY PROSTATE CANCER STUDIES (KCPCS),4
CANTABRIA-CAMARGO (CABRIO-C),4
DISEASES OF THE OVARY AND THEIR EVALUATION STUDY (DOVE),4
INTERNATIONAL SCHIZOPHRENIA CONSORTIUM DUBLIN (ISC-DUBLIN),4
TAICHI CONSORTIUM (TAICHI),4
QUEENSLAND STUDY OF MELANOMA: ENVIRONMENT AND GENETIC ASSOCIATIONS (Q-MEGA),4
INTERNATIONAL SCHIZOPHRENIA CONSORTIUM EDINBURGH (ISC-EDINBURGH),4
CARDIFF UNIVERSITY (CARDIFF UK),4
SHANGHAI DIABETES GENETIC STUDY (SDGS),4
CHILDHOOD ASTHMA MANAGEMENT PROGRAM (CAMP),4
INTERNATIONAL SCHIZOPHRENIA CONSORTIUM LONDON (ISC-LONDON),4
PEOPLE OF THE BRITISH ISLES (POBI),4
WISCONSIN EPIDEMIOLOGIC STUDY OF DIABETIC RETINOPATHY (WESDR),4
"STRABISMUS, AMBLYOPIA AND REFRACTIVE ERROR STUDY (STARS)",4
DANISH OSTEOPOROSIS PREVENTION STUDY (DOPS),4
STHM1 (STHM1),4
CANDELA (CANDELA),4
HK (HK),3
DANISH MALIGNANT OVARIAN TUMOR STUDY (MALOVA),3
NATIONAL CANCER CENTER HOSPITAL (NCCH),3
DANISH NATIONAL PATIENT REGISTER (DNPR),3
ROYAL MARSDEN HOSPITAL STUDY (RMH),3
CHICAGO CANCER PRONE STUDY (CCPS),3
GERMAN MULTIPLE MYELOMA STUDY GROUP (GMMG),3
ROCHE STUDY (ROCHE),3
GERMAN COMPETENCE NETWORK FOR ATRIAL FIBRILLATION (AFNET),3
RISK FACTORS FOR PROSTATE CANCER STUDY (RFPCS),3
PAFIP (PAFIP),3
HKOS (HKOS),3
TRINITY COLLEGE DUBLIN (TRINITY),3
STAR*D (STAR*D),3
NEUROIMAGE (NEUROIMAGE),3
BERLIN BIRTH COHORT (BBC),3
NCI LUNG CANCER IN AFRICAN AMERICANS GWAS CONSORTIUM (NCI LUNG),3
GENETICS OF HYPERTENSION IN BLACKS (NIGERIA),3
GENETICS OF KIDNEYS IN DIABETES STUDY (GOKIND),3
RACIAL VARIABILITY IN GENOTYPIC DETERMINANTS OF BREAST CANCER RISK STUDY (RVGBC),3
TORONTO CASE-CONTROL STUDY (TCCS),3
ACT (ACT),3
RAGAMA HEALTH STUDY (RHS),3
LOS ANGELES BLADDER CANCER STUDY (LABCS),3
BEIJING ATHEROSCLEROSIS STUDY (BAS),3
GENIZON BIOSCIENCES (GENIZON),3
NATIONAL INSTITUTE ON AGING - LATE ONSET ALZHEIMERS DISEASE (NIA-LOAD),3
AARHUS OSTEOPOROSIS STUDY (AROS),3
WOMENS HEALTH STUDY (WHS),3
GENOMEL (GENOMEL),3
NATIONAL INSTITUTE OF NEUROLOGICAL DISEASE AND STROKE (NINDS),3
UCLA_NL_BP (UCLA_NL_BP),3
RF (RF),3
BEIJING (BEIJING),3
BARBADOS NATIONAL CANCER STUDY (BNCS),3
BASE DE DATOS DE ICTUS DEL HOSPITAL DEL MAR (BASICMAR),3
SAGUENAY-LAC-SAINT-JEAN ASTHMA STUDY (SLSJ),3
MEMORIAL SLOAN KETTERING CANCER CENTER GYNECOLOGY TISSUE BANK (MSKGTB),3
AUSTRALIA CANCER STUDY (ACS),3
CHSH (CHSH),3
INTERSTROKE (INTERSTROKE),3
INTERPHONE (INTERPHONE),3
1000 GENOMES (1000 GENOMES),3
SHANGHAI BREAST CANCER GENETIC STUDY (SBCGS),3
HANNOVER-JENA ENDOMETRIAL CANCER STUDY (HJECS),3
CLEVELAND CLINIC AF STUDY (CCAF),3
INTERNATIONAL SCHIZOPHRENIA CONSORTIUM PORTUGAL (ISC-PORTUGAL),3
HAPCS (HAPCS),3
CLEVELAND CLINIC GENEBANK STUDY (CCGB),3
ANSAN STUDY (ANSAN),3
HARVARD (HARVARD),3
HARVARD LUNG CANCER STUDY (HLCS),3
SHANGHAI GENOME-WIDE ASSOCIATION STUDIES (SGWAS),3
SHANGHAI INSTITUTE OF HYPERTENSION GWAS (SIH),3
COLLABORATIVE GENETIC STUDY OF NICOTINE DEPENDENCE (COGEND),3
UNIVERSITY OF MUNICH (UM),3
UNIVERSITY OF EDINBURGH (EDINBURGH),3
INTERNATIONAL SCHIZOPHRENIA CONSORTIUM CARDIFF (ISC-CARDIFF),3
COIN-B (COIN-B),3
MALMÏ¿½ PREVENTIVE PROJECT (MPP),3
INTERNATIONAL COLLABORATIVE STUDY OF CARDIOVASCULAR DISEASE IN ASIA (INTERASIA),3
MESA/SHARE FAMILY (MESA/SHARE FAMILY),3
ANGLO-AUSTRALASIAN OSTEOPOROSIS GENETICS CONSORTIUM (AOGC),3
SCOTTISH RANDOMISED TRIAL IN OVARIAN CANCER (SRTOC),3
SAHLGRENSKA ACADEMY STUDY ON ISCHEMIC STROKE (SAHLSIS),3
SOUTHAMPTON (SOUTHAMPTON),3
SOUTH STOCKHOLM ISCHEMIC STROKE STUDY (SSISS),3
CHILDRENS HEALTH STUDY (CHS_B),3
UFA (UFA),3
MOUNT SINAI HOSPITAL (MSH),3
OXFORD VASCULAR STUDY (OXVASC),3
CHINA ATHEROSCLEROSIS STUDY (CAS),3
BALTIMORE BREAST CANCER STUDY (BBCS_C),3
LUEBECK ANGIOGRAPHIC STUDY (ANGIO-LUEB),3
MOLECULAR MARKERS IN TREATMENT OF ENDOMETRIAL CANCER (MOMATEC),3
MIAMI STROKE REGISTRY AND BIOREPOSITORY (MIAMISR),3
IPO-PORTO PROSTATE CANCER STUDY (IPO-PORTO),3
SECONDARY PREVENTION OF SMALL SUBCORTICAL STROKES (SPS3),3
SISTERS IN BREAST SCREENING (SIBS),3
"AUSTRIOS B ""OLD COHORT"" (AUSTRIOS-B)",3
MIND CLINICAL IMAGING CONSORTIUM (MCIC),3
MILAN BREAST CANCER STUDY GROUP (MBCSG),3
MIDDLESEX COUNTY ISCHEMIC STROKE STUDY (MCISS),3
SELENIUM AND VITAMIN E CANCER PREVENTION TRIAL (SELECT),3
GREEK HEALTH RANDOMIZED AGING STUDY (GHRAS),3
AUSTRALIAN TWIN EYE STUDY (ATES),3
NEW ENGLAND-BASED CASE-CONTROL STUDY OF OVARIAN CANCER (NECC),3
NEW JERSEY OVARIAN CANCER STUDY (NJOCS),3
NEWCASTLE ENDOMETRIAL CANCER STUDY (NECS),3
LEIDEN UNIVERSITY MEDICAL CENTER (LUMC),3
ENVIRONMENTAL AND GENETIC RISKS FACTORS STUDY IN ADULT LYMPHOMA (ENGELA),3
FINNISH COLORECTAL CANCER PREDISPOSITION STUDY (FCCPS),3
EMORY GENEBANK STUDY (EGS),3
EMIL (EMIL),3
POSTMENOPAUSAL HORMONE STUDY (PMH),3
EDINBURGH OSTEOPOROSIS STUDY (EDOS),3
FLOS (FLOS),3
FMHS (FMHS),3
KYUSHU UNIVERSITY FUKUOKA COHORT STUDY (CAGE-FUKUOKA),3
PREVENTION OF CARDIOVASCULAR EVENTS IN PATIENTS WITH PRIOR HEART ATTACK USING TICAGRELOR COMPARED TO PLACEBO ON A BACKGROUND OF ASPIRIN (PEGASUS),3
FRAMINGHAM OSTEOARTHRITIS STUDY (FOS),3
FRENCH CASE-CONTROL STUDY (FRENCH),3
EARLY ONSET PROSTATE CANCER STUDY (EOPCFS),3
FRENCH PROSTATE CANCER CASE-CONTROL STUDY (CEREPP),3
NEWFOUNDLAND FAMILIAL COLON CANCER REGISTRY (NFCCR),3
PRINCE OF WALES HOSPITAL DIABETES REGISTRY (POWHDR),3
PRITZKER NEUROPSYCHIATRIC DISORDERS RESEARCH CONSORTIUM (NIMH/PRITZKER),3
GABRIEL ADVANCED SURVEY (GAS),3
GABRIELA (GABRIELA),3
AICHI STUDY (AICHI),3
PROJECT VIVA (VIVA),3
NORTHWESTERN UNIVERSITY (NORTHWESTERN),3
VLAGTWEDDE/VLAARDINGEN COHORT STUDY (VVC),3
INDIANA GENETICS OF BONE FRAGILITY STUDY (IGBFS),3
TASPRAC (TASPRAC),3
CANADIAN CHILDHOOD COHORTS (CAPPS),3
BRUNECK STUDY (BRUNECK),3
WASHS (WASHS),3
CAGE-KING_QUAD (CAGE-KING),3
EUROPEAN COLLECTION OF CELL CULTURES (ECACC),3
CAG (CAG),3
PARTNERS STUDY (PARTNERS),3
EUROPEAN MALE AGEING STUDY (EMAS),3
AFRICAN AMERICANS PROSTATE CANCER COHORT (AAPC),3
OVARIAN CANCER IN ALBERTA AND BRITISH COLUMBIA (OVAL-BC),3
SYSTEMATIC INVESTIGATION OF THE MOLECULAR CAUSES OF MAJOR MOOD DISORDERS AND SCHIZOPHRENIA (MOODS),3
TAIWAN TYPE 2 DIABETES STUDY (TDS),3
KOREAN OSTEOPOROSIS STUDY AT ASAN MEDICAL CENTER (KORAMC),3
EPIDEMIOLOGY & GENETICS UNIT LYMPHOMA CASE-CONTROL STUDY  (ELCCS),3
OSTEOS (OSTEOS),3
SWEDISH MAMMOGRAPHY COHORT (SMC),3
KATHLEEN CUNINGHAM FOUNDATION CONSORTIUM FOR RESEARCH INTO FAMILIAL BREAST CANCER (KCONFAB),3
OSTEOARTHRITIS INITIATIVE (OAI),3
FAMILIAL OVARIAN TUMOR STUDY (FOTS),3
SWEDISH BLADDER CANCER STUDY (SWBCS),3
OSAKA-MIDOSUJI ROTARY CLUB (O-MRC),3
KS (KS),3
OSAKA (OSAKA),3
FELS LONGITUDINAL STUDY (FELS),3
GEISINGER HEALTH SYSTEM (GEHS),3
"LANDSPITALI UNIVERSITY HOSPITAL, REYKJAVIK (LUHR)",3
AIRWAVE HEALTH MONITORING STUDY (AIRWAVE),3
GENETIC RESOURCE INVESTIGATING DIABETES (GRID),3
BIPOLAR GENOME STUDY (BIGS),3
NORMATIVE AGING STUDY (NAS),3
BIOLOGICS IN RHEUMATOID ARTHRITIS GENETICS AND GENOMICS STUDY SYNDICATE (BRAGGSS),3
JOHNS HOPKINS UNIVERSITY (JHU),3
"BOMA-BIPOLAR STUDY, UNIVERSITY OF BONN AND CIMH MANNHEIM (BOMA)",3
QLD (QLD),3
DUKE CLINIC (DUKE),3
DNA HEBON (HEBON),3
CARLA (CARLA),3
ALS STUDY (ALS),3
GENETIC ANALYSIS OF PSORIASIS CONSORTIUM (GAPC),3
JOHNS HOPKINS - GENETIC STUDY OF ATHEROSCLEROSIS RISK (GENESTAR_B),3
PSYCHIATRIC GWAS CONSORTIUM (PGC),3
HUBIN (HUBIN),3
THE NETHERLANDS AAA GWAS DATASET (NETHERLANDS),3
NIJMEGEN POLYGENE STUDY & NIJMEGEN BIOMEDICAL STUDY (POLYGENE),3
DPS (DPS),3
ALZHEIMER DISEASE GENETIC CONSORTIUM (ADGC),3
GENETIC EPIDEMIOLOGIC STUDY OF BREAST CANCER BY AGE 50 (GESBC),3
ADDITION STUDY (ADDITION),3
BIPOLAR DISORDER RESEARCH NETWORK (BDRN),3
QTIM (QTIM),3
BIPOLAR FAMILY STUDY (BFS),3
GENEBANK (GENEBANK),3
GENETICS AND EPIDEMIOLOGY OF COLORECTAL CANCER CONSORTIUM (GECCO),3
BRAIN IMAGING GENETICS (BIG),3
CARDIOGENICS STUDY (CARDIOGENICS),3
VIS ISLAND ISOLATE STUDY (CROATIA),3
HYPERGLYCEMIA AND ADVERSE PREGNANCY OUTCOMES STUDY (HAPO),3
DUTCH ASTHMA GWAS STUDY (DAG),3
GENE MSA CH (GENE MSA CH),3
BRAIN GENOMICS SUPERSTRUCT PROJECT (GSP),3
DUNDEE (DUNDEE),3
PROSTATE CANCER GENETICS STUDY (CAP GENES),3
CEDARS (CEDARS),3
NORTH TRONDELAG HEALTH STUDY (HUNT2),3
MALAYSIAN BREAST CANCER GENETIC STUDY (MYBRCA),2
MALAYSIA OVARIAN CANCER GENETIC STUDY (MYOVCA),2
LIVERPOOL LUNG PROJECT (LLP),2
WOMENS HEALTH INITIATIVE GECHIP (WHI-GECHIP),2
UNIVERSITY OF BERGEN NORWAY STUDY (UBNS),2
VHIR-FMT-BARCELONA (VHIR-FMT-BARCELONA),2
LINZ PERIPHERAL ARTERIAL DISEASE STUDY (LIPAD),2
JAPAN PGX DATA SCIENCE CONSORTIUM (JPDSC),2
KOREAN CHILDHOOD (KOCAS),2
UNIVERSITY OF CHICAGO (UC),2
VALENCIA INSTITUTE OF ONCOLOGY (VIO),2
LONG ISLAND BREAST CANCER STUDY PROJECT (LI),2
WOMENS HEALTH INITIATIVE - RANDOMIZED CLINICAL TRIAL (WHI-CT),2
WEST OF SCOTLAND CORONARY PREVENTION STUDY (WOSCOPS),2
MALIGNANT OVARIAN CANCER STUDY (MAOCS),2
"KEMRI-WELLCOME RESEARCH PROGRAMME, KILIFI (KEMRI)",2
IOWA-MAYO SPORE MOLECULAR EPIDEMIOLOGY RESOURCE (IOWA-MAYO),2
WOMENS HEALTH INITIATIVE GENOME-WIDE ASSOCIATION RESEARCH NETWORK INTO EFFECTS OF TREATMENT (WHI-GARNET),2
UNIVERSITY OF NORTH CAROLINA RECTAL CANCER STUDY (UNC-RECTAL),2
LEIDEN 85-PLUS STUDY (L85PLUS),2
UPENN (UPENN),2
IRISH FAMILY STUDY (IFS),2
LEEDS (LEEDS),2
UNIVERSITY OF WARWICK (WARWICK),2
LATE ONSET ALZHEIMERS DISEASE FAMILY STUDY (LOAD),2
WISCONSIN SLEEP COHORT (WSC),2
IRAS (IRAS),2
JUVENILE DIABETES RESEARCH FOUNDATION/WELLCOME TRUST DIABETES AND INFLAMMATION LABORATORYS BRITISH CASE COLLECTION (JDRF/WT),2
KAISER PERMANENTE (KP),2
IPSYCH (IPSYCH),2
"YORUBA IN IBADAN, NIGERIA (YRI)",2
WARREN 2 CONSORTIUM (W2C),2
UNIVERSITY OF TUEBINGEN (TUEBINGEN),2
"KAISER PERMANENTE RESEARCH PROGRAM ON GENES, ENVIRONMENT, AND HEALTH (RPEGH)",2
LEIPZIG ADULTS (LEIPZIG ADULTS),2
UNIVERSITY MEDICAL CENTER UTRECHT (UMC),2
LUNDBECK FOUNDATION INITIATIVE FOR INTEGRATIVE PSYCHIATRIC RESEARCH (IPSYCH),2
KARELIA ALLERGY STUDY  (KARELIA),2
WHII (WHII),2
INTERVAL (INTERVAL),2
LUNG INSTITUTE OF WESTERN AUSTRALIA (LIWA),2
KSMU (KSMU),2
LUTHERSTADT WITTENBERG BLADDER CANCER STUDY (LWBCS),2
WESTPHALIAN STROKE REGISTER (WSR),2
WARSAW OVARIAN CANCER STUDY (WOCS),2
SHANGHAI STUDY (SHANGHAI),2
UNIVERSITY HOSPITAL OF HELSINKI (UHH),2
OHIO STATE UNIVERSITY (OHIO SU),2
PSA (PSA),2
PROSTATE CANCER IN A BLACK POPULATION (PCBP),2
PROSTATE (ELLIPSE),2
PROHEALTH STUDY (PROHEALTH),2
PRIME (PRIME),2
PRIMARY OPEN ANGLE GLAUCOMA (POAG),2
STUDY OF PARKINSONS DISEASE GENETICS (PDG),2
POLISH ENDOMETRIAL CANCER STUDY (PECS),2
SUITA STUDY (SUITA),2
PITTSBURGH (PITTSBURGH),2
SWEDEN (SWEDEN),2
SWEDISH (SWEDISH),2
PHARMACOGENOMICS AND RISK OF CARDIOVASCULAR DISEASE STUDY (PARC),2
SWEDISH LOW-RISK COLORECTAL CANCER STUDY GROUP (SLRCCSG),2
PELVIC MASS STUDY (PMS),2
PEAK25 (PEAK25),2
PCFS (PCFS),2
PARKINSONS RESEARCH: THE ORGANIZED GENETICS INITIATIVE (PROGENI),2
PAPRIKA (PAPRIKA),2
PANDORA CONSORTIUM (PANDORA),2
OXFORD FAMILY BLOOD PRESSURE STUDY (HTO),2
OXFORD ENDOMETRIOSIS GENE (OXEGENE),2
OVARIAN CANCER PROGNOSIS AND LIFESTYLE STUDY (OPAL),2
TAIWAN GENOME WIDE ASSOCIATION STUDY (TGWAS),2
TAIWAN TYPE 2 DIABETES CONSORTIUM (TWT2D),2
OSUCCG (OSUCCG),2
TAIWAN USA DIABETES RETINOPATHY (TUDR),2
OSTEOPOROSIS RISK ASSESSMENT COHORT (OPRA),2
OSAKA ACUTE CORONARY INSUFFICIENCY STUDY (OACIS),2
"PSC RESOURCE OF GENETIC RISK, ENVIRONMENT AND SYNERGY STUDIES (PROGRESS)",2
PSORIASIS ASSOCIATION GENETICS EXTENSION (PAGE),2
STANLEY STUDY (STANLEY),2
SKIPOGH (SKIPOGH),2
SHANGHAI-VANDERBILT COLORECTAL CANCER GENETIC PROJECT (SVCRCGP),2
SIGNAL (SIGNAL),2
SHANGHAI MENS AND SHANGHAI WOMENS HEALTH STUDIES (SMWHS),2
SHANGHAI JIAO TONG UNIVERSITY DIABETES STUDY (SJTUDS),2
SIMONS SIMPLEX COLLECTION (SSC),2
SHANGHAI DIABETES INPATIENT DATABASE (SDIID),2
SINGAPORE BREAST CANCER COHORT (SGBCC),2
SEVERE (SEVERE),2
SINGAPORE CARDIOVASCULAR COHORT STUDY (SCCS2),2
SEOUL STUDY (KOREA-SEOUL),2
SEOUL NATIONAL UNIVERSITY HOSPITAL DIABETES STUDY (SNUHDS),2
SINGAPORE CHINESE STUDY (SCH),2
SISTERS STUDY (SISTERS),2
SLO-PREVAL (SLO-PREVAL),2
STANISLAS FAMILY STUDY (SFS),2
SNP HEALTH ASSOCIATED RESOURCE (SHARE),2
SARP (SARP),2
ROYAL MARSDEN HOSPITAL OVARIAN CANCER STUDY (RMH-OCS),2
ROYAL MARSDEN HOSPITAL BREAST CANCER CASES (RMH-BCC),2
ROYAL BRISBANE HOSPITAL (RBH),2
ROTTERDAM (ROTTERDAM),2
REYKJAVIK EYE STUDY (RES),2
"RESEARCH PROGRAM ON GENES, ENVIRONMENT AND HEALTH (RPGEH)",2
REGISTRY OF ENDOMETRIAL CANCER IN SWEDEN (RENDOCAS),2
SRI LANKAN DIABETES STUDY (SLDS),2
ST G_RAN BIPOLAR PROJECT (SGBP),2
ST. GEORGES HOSPITAL (STGEORGE),2
STANFORD IST (IST),2
OREGON-SUDDEN UNEXPECTED DEATH STUDY (OREGON-SUDS),2
THE COLORECTAL TRANSDISCIPLINARY STUDY (CORECT),2
UMCU (UMCU),2
OCAC (OCAC),2
NATIONAL INSTITUTES OF HEALTH GENOTYPE AND PHENOTYPE DATABASE (DBGAP),2
NATIONAL HEALTH SERVICE BLOOD AND TRANSPLANT (NHSBT),2
NATIONAL EYE INSTITUTE GLAUCOMA HUMAN GENETICS COLLABORATION HERITABLE OVERALL OPERATIONAL DATABASE (NEIGHBORHOOD),2
U.S.A. HUMAN BIOLOGICAL DATA INTERCHANGE (HBDI),2
NATIONAL CHILD DEVELOPMENT STUDY (NCDS),2
NATIONAL BLOOD BANK SERVICE (NBBS),2
UCI BREAST CANCER STUDY (UCIBCS),2
UCLA CONSORTIUM FOR NEUROPSYCHIATRIC PHENOMICS (CNP),2
NAGANO COLORECTAL CANCER STUDY (NCCS),2
MUNICH STROKE STUDY (MUNICH),2
UCSD (UCSD),2
UFO (UFO),2
UK ASIAN DIABETES STUDY (UKADS),2
MOLECULAR EPIDEMIOLOGY OF COLORECTAL CANCER STUDY (MECC),2
MIRAGE (MIRAGE),2
UK COLORECTAL CONTROL (UKCRC),2
MID-AMERICA HEART INSTITUTE (MAHI),2
UK LUNG CANCER GWAS FROM THE INSTITUTE FOR CANCER RESEARCH (ICR-GWAS),2
UK MRC MYELOMA-IX (UK MRC MYELOMA-IX),2
UK MRC MYELOMA-XI (UK MRC MYELOMA-XI),2
MD ANDERSON OVARIAN CANCER STUDY (MDAOCS),2
MCGILL (MCGILL),2
MAYO VENOUS THROMBOEMBOLISM STUDY (MAYO VTE),2
MAYO CLINIC ENDOMETRIAL CANCER STUDY (MECS),2
UK SMALL ANEURYSM TRIAL (UKSAT),2
UK TESTICULAR CANCER COLLABORATION (UKTCC),2
UK YOUNG LACUNAR STROKE DNA RESOURCE (DNA_LACUNAR),2
UK-CLL (UK-CLL),2
UKBEC (UKBEC),2
TREATING TO NEW TARGETS (TNT),2
NC (NC),2
TOKYO MEDICAL UNIVERSITY HOSPITAL (TMUH),2
THE SEA ISLANDS GENETIC AFRICAN AMERICAN REGISTRY (PROJECT SUGAR),2
OAS (OAS),2
THE DORTMUND BLADDER CANCER STUDY (DBCS),2
NOTTINGHAM SMOKERS (NOTTINGHAM SMOKERS),2
NOTTINGHAM (NOTTINGHAM),2
NORWEGIAN BREAST CANCER STUDY (NORBCS),2
NORWEGIAN BONE MARROW DONOR REGISTRY (NBMDR),2
NORWEGIAN (NORWEGIAN),2
THE LUTHERSTADT WITTENBERG STUDY (LW),2
"NORTHERN IRELAND YOUNG HEARTS PROJECT (YH3, YH2000)",2
THE NATIONAL CANCER INSTITUTE BREAST AND PROSTATE CANCER COHORT CONSORTIUM (BPC3),2
NORTHERN FINLAND BIRTH COHORT 1966 (NFBC66),2
NORTH SHORE UNIVERSITY HEALTH SYSTEM (NSUHS),2
THE NEUSS BLADDER CANCER STUDY (NEUBCS),2
NORFOLK DIABETES CASE_CONTROL STUDY (NDCCS),2
TOHOKU MEDICAL MEGABANK PROJECT (TMM),2
NORDIC DILTIAZEM STUDY (NORDIL),2
NONGAIN (NONGAIN),2
THE SECONDARY MANIFESTATIONS OF ARTERIAL DISEASE STUDY (SMART),2
NO NA,2
NIMH INTRAMURAL RESEARCH PROGRAM (NIMH-IRP),2
THE SINGAPORE TRANSLATIONAL AND CLINICAL RESEARCH IN PSYCHOSIS (STCRP),2
NIJMEGEN LUNG AND BLADDER CANCER (NLBLC),2
NIGERIAN COHORT (NIGERIAN),2
THE STOCKHOLM-1 (STHLM1),2
THE YOUNGER FINNISH TWIN COHORT (FINNTWIN12),2
NICOTINE ADDICTION GENETICS (NAG),2
NGRC (NGRC),2
TOHOKU MEDICAL MEGABANK ORGANIZATION (TOMMO),2
THE STEFANIE SPIELMAN BREAST BANK AND THE COLUMBUS AREA CONTROL SAMPLE BANK (OSU),2
KAROLINSKA INSTITUTET (KAROLINSKA),2
FAMILIAL BREAST CANCER STUDY (FBCS),2
CHINESE UNIVERSITY OF HONG KONG DIABETES STUDY (CUHKDS),2
ASPIRIN FOR ASYMPTOMATIC ATHEROSCLEROSIS STUDY (AAA),2
ATHEROGENE REGISTRY (ATHEROGENE),2
FIND (FIND),2
AUSTRALIA (AUSTRALIA),2
FINLAND SO REPLICATION (FINSO),2
HEALTHY LIFESTYLE IN EUROPE BY NUTRITION IN ADOLESCENCE STUDY (HELENA),2
HEALTH2 T2D STUDY (H2T2DS),2
AUSTRALIAN TWIN REGISTRY (ATR),2
CHOLESTEROL AND RECURRENT EVENTS (CARE_B),2
AUTISM CENTRE OF EXCELLENCE (ACE),2
ILLUMINA ICONTROLDB (ILLUMINA ICONTROLDB),2
AUTISM GENETIC RESOURCE EXCHANGE (AGRE),2
HAPI HEART STUDY (HAPI),2
AXIOM (AXIOM),2
FRENCH OBESE ADULTS (FOA),2
BARCOS (BARCOS),2
CHINA CARDIOVASCULAR HEALTH STUDY (CCHS_B),2
BAVARIAN ENDOMETRIAL CANCER CASES AND CONTROLS STUDY (BECS),2
FUCHS ENDOTHELIAL CORNEAL DYSTROPHY CONTROLS (FECD),2
BEAVER DAM EYE STUDY (BDES),2
ASKLEPIOS STUDY (ASKLEPIOS),2
ASIAN CANCER PROJECT (ACP),2
COLLABORATIVE ATORVASTATIN DIABETES STUDY (CARDS),2
HOSPITAL DISCHARGE REGISTER SWEDEN (HDR),2
ANEURYSM CONSORTIUM AAA GWAS DATASET (AC),2
EPOLOS (EPOLOS),2
CORIELL CELL REPOSITORIES (CORIELL),2
"COPD PATHOLOGY: ADRESSING CRITICAL GAPS, EARLY TREATMENT & DIAGNOSIS AND INNOVATIVE CONCEPTS (COPACETIC)",2
ANSUNG STUDY (ANSUNG),2
ESTONIAN BIOBANK (EB),2
"ANTIOXYDANTS, LIPIDES ESSENTIELS, NUTRITION ET MALADIES OCULAIRES (ALIENOR)",2
CONTINENTAL ORIGINS AND GENETIC EPIDEMIOLOGY NETWORK (COGENT),2
HYPEST (HYPEST),2
CONNECTICUT OVARY STUDY (COS),2
HWASUN CANCER EPIDEMIOLOGY STUDY-COLON AND RECTUM CANCER (HCES-CRC),2
HWASUN CANCER EPIDEMIOLOGY STUDY-BREAST (HCES-BR),2
ARCAGE (ARCAGE),2
EUGENE2 (EUGENE2),2
COLUMBIA (COLUMBIA),2
EUROPEAN AMERICAN AND POLAND EXTREME HEIGHT PANELS (EAPEH),2
ARYA (ARYA),2
HOSPITAL UNIVERSITARI VALL DHEBRON  (HUVH),2
COLLABORATIVE ONCOLOGY GENE-ENVIRONMENT STUDY (COGES),2
BEIJING TYPE 2 DIABETES STUDIES (BTDS),2
FUKUOKA COLORECTAL CANCER STUDY (FCCS),2
CHICAGO (CHICAGO),2
CASE WESTERN RESERVE UNIVERSITY (CWRU),2
BREAST CANCER FAMILY STUDY (MBCFS),2
GHANA PROSTATE (GHANA PROSTATE),2
GENETICS NETWORK RHEUMATOLOGY AMSTERDAM (GENRA),2
GEVUR (GEVUR),2
GENETICS OF BRAIN STRUCTURE AND FUNCTION (GOBS),2
CAMBRIDGESHIRE CASE-CONTROL STUDY (CCCS),2
BRESCIA (BRESCIA),2
BRIGHAM RHEUMATOID ARTHRITIS SEQUENTIAL STUDY (BRASS),2
CALEX-FAMILY (CALEX-FAM),2
GENRED (GENRED),2
GENR (GENR),2
GENOMICS RESEARCH IN CARDIOVASCULAR DISEASE (GENRIC),2
GENOMIC RESEARCH ON ASTHMA IN THE AFRICAN DIASPORA (GRAAD),2
GENOMIC PSYCHIATRY CONSORTIUM (GPC),2
GENOMIC IMAGING GOTTINGEN (GIG),2
BRISBANE TWIN NEVUS STUDY (BTNS),2
GENNOVA (GENNOVA),2
BRITISH HEART FOUNDATION FAMILY HEART STUDY (BHF-FHS),2
GENNET (GENNET),2
CANTABRIA OSTEOPOROSIS CASE-CONTROL (CABRIO-CC),2
CATHGEN (CATHGEN),2
CHENNAI URBAN RURAL EPIDEMIOLOGY STUDY (CURES),2
GIVE US A CLUE TO CANCER AND HEART DISEASE STUDY (CLUE),2
BEL1 (BEL1),2
BEL2 (BEL2),2
GEDLING (GEDLING),2
GROUP HEALTH (GH),2
GEELONG OSTEOPOROSIS STUDY (GOS),2
BELGIAN DONORS (BD),2
GROS (GROS),2
BESTA CEREBROVASCULAR DISEASES REGISTRY (CEDIR),2
GEMO (GEMO),2
GENE AND DIET ATTICA INVESTIGATION (GENDAI),2
"BIG REPLICATION AND TRINITY COLLEGE DUBLIN/ NATIONAL UNIVERSITY OF IRELAND, GALWAY (NUIG-TCD)",2
GOTTINGEN RESEARCH ASSOCIATION FOR SCHIZOPHRENIA (GRAS),2
BIOME BIOBANK (BMBB),2
CENTRE NATIONAL DE G_NOTYPAGE (CNG),2
CENTRE DETUDE DU POLYMORPHISME HUMAIN (CEPH),2
GOKARD (GOKARD),2
"GLASGOW, SCOTLAND IMMUNOCHIP STUDY SAMPLES (GSICSS)",2
CCPC (CCPC),2
CC (CC),2
EPIDEMIOLOGY OF DEMENTIA IN SINGAPORE (EDIS),2
BUS SANTE (BUS SANTE),2
AFRICA AMERICA DIABETES MELLITUS (AADM),2
AIDS CLINICAL TRIALS GROUP (ACTG),2
DR. HORST SCHMIDT KLINIKEN (DHSK),2
"DEPARTMENT OF PSYCHIATRY, UNIVERSITY OF BONN (BONN)",2
INDIANA UNIVERSITY PREMENOPAUSAL CAUCASIAN WOMEN PEAK BMD STUDY (INDIANA),2
INTERNATIONAL COLLABORATIVE STUDY ON HYPERTENSION IN BLACKS (ICSHIB),2
AA (AA),2
AARHUS (AARHUS),2
ABERDEEN PROSPECTIVE OSTEOPOROSIS SCREENING STUDY (APOSS),2
INTERNATIONAL CANCER GENOME CONSORTIUM-CHRONIC LYMPHOCYTIC LEUKEMIA (ICGC),2
ECHRS (ECHRS),2
"DEPARTMENT OF NEUROLOGY, MEDICAL UNIVERSITY OF VIENNA (DNMUV)",2
AITD AUTOIMMUNE THYROID DISEASE (AITD),2
DANISH LONGEVITY STUDY (DLS),2
INTERMOUNTAIN HEART COLLABORATIVE STUDY (IHCS),2
ADDNEUROMED (ANM),2
EMBRACE (EMBRACE),2
INTERGENE (INTERGENE),2
EARLY-ONSET VENOUS THROMBOSIS (EOVT),2
AGE AND COGNITIVE PERFORMANCE RESEARCH COHORT (ACPRC),2
AFRICAN ANCESTRY PROSTATE CANCER CONSORTIUM (AAPC),2
DUTCH AND BELGIAN LUNG CANCER SCREENING TRIAL (NELSON),2
DANISH PSYCHIATRIC CENTRAL REGISTER (DPCR),2
DUTCH BREDA STUDY (DBS),2
AFRICAN AMERICAN DIABETES HEART STUDY (AADHS),2
INTERACT (INTERACT),2
AFRICAN AMERICAN BREAST CANCER COHORT (AABC),2
DUTCH FAMILIAL BILATERAL BREAST CANCER STUDY (DFBBCS),2
ADONIX (ADONIX),2
DANISH TWIN REGISTRY (DTR),2
DALLAS HEART STUDY (DAHS),2
INSTITUTE OF CANCER RESEARCH (ICR_B),2
INTERNATIONAL GENOMICS OF ALZHEIMER'S PROJECT (IGAP),2
CSGA (CSGA),2
DIABETES IN MEXICO STUDY (DMS),2
DIABETES UK WARREN REPOSITORY (DUKW),2
1982 PELOTAS BIRTH COHORT STUDY (1982 PELOTAS),2
IMPACT (IMPACT),2
DIABETES GENETICS IN PAKISTAN (DGP),2
REGENSBURG (REGENSBURG),1
SRS (SRS),1
CHANCE (CHANCE),1
TAHS (TAHS),1
CEREPP FRENCH PROSTATE CASE-CONTROL STUDY (FPCC),1
ST. JUDE CHILDRENS RESEARCH HOSPITAL (SJCRH),1
SPHFC (SPHFC),1
CENTER ON ANTISOCIAL DRUG DEPENDENCE (CADD),1
RAINE EYE HEALTH STUDY (REHS),1
RANDOMIZED PHASE II TRIAL (GEPARSIXTO),1
"REYKJAVIKS UNIVERSITY HOSPITAL OR THE GENERAL HOSPITAL, AKUREYRI (RUHA)",1
"ST GEORGEÏ¿½S STROKE STUDY, LONDON, UK (SGSSL)",1
TACT (TACT),1
DENMARK B (DENMARK B),1
CENTRE NATIONAL DE RECHERCHE ET DE FORMATION SUR LE PALUDISME (CNRFP),1
SQUAMOUS CELL CARCINOMA (SCC),1
DIABETES COHORTE (DIACORE),1
CANADIAN ASTHMA PRIMARY PREVENTION STUDY (CAPPS),1
DIABETES HEART STUDY (DHS),1
CALABRIA (CALABRIA),1
CALIFORNIA MENS HEALTH STUDY (CMHS),1
SOUTHERN ONTARIO OVARIAN CANCER STUDY (SON),1
DCLST (DCLST),1
DCS (DCS),1
SOUTHERN OSTROBOTHNIA ISOLATE GWAS (SO),1
CAD-ERLANGEN STUDY (CAD-ERLANGEN),1
DEMGENE PROJECT (DEMGENE),1
SP1M (SP1M),1
SP2-1M (SP2-1M),1
SP2-610 (SP2-610),1
RHEA STUDY (RHEA),1
SP610 (SP610),1
CAGS (CAGS),1
DIABETES PREDICTION AND PREVENTION (DIPP),1
CHAOS (CHAOS),1
SPANISH CASES (SPANISH CASES),1
SPANISH CERVICAL ARTERY DISSECTION COLLECTION (SCADC),1
SPANISH CONSORTIUM FOR GENETICS OF CELIAC DISEASE (CEGEC),1
CALIFORNIA CANCER RECORDS LINKAGE PROJECT (CCRLP),1
SYDNEY (SYDNEY),1
CANADIAN BREAST CANCER STUDY (CBCS),1
CENTER OF RESEARCH TRANSLATION IN SCLERODERMA (CRTS),1
CANCER RESEARCH UK - CAMBRIDGE RESEARCH INSTITUTE (CRUK-CRI),1
STUDY OF THE EFFECTIVENESS OF ADDITIONAL REDUCTIONS IN CHOLESTEROL AND HOMOCYSTEINE (SEARCH_B),1
SWISS HIV COHORT STUDY (SHCS),1
CANCER DE PULMON EN ASTURIAS (CAPUA),1
SUBPOPULATIONS AND INTERMEDIATE OUTCOME MEASURES IN COPD STUDY (SPIROMICS),1
CAMBRIDGE (CAMBRIDGE),1
RESEARCH ON ADOLESCENT DEVELOPMENT AND RELATIONSHIPS (RADAR),1
SWEDISH NATIONAL MYELOMA BIOBANK (SNMB),1
DEPRESSION CASE CONTROL  STUDY (DECC),1
CANCER CENTER OF NANJING MEDICAL UNIVERSITY (CCNMU),1
DEPGENESNETWORKS (DEPGENESNETWORKS),1
CANCER AIDS REGISTRIES LINKAGE (CARL),1
CANADA II (CANADA II),1
SUZHOU STUDY (SUZHOU),1
CANADIAN SCREENING STUDY (CASS),1
SWEDEN BIPOLAR DISORDER COHORT (SWEBIC),1
SWEDEN GOTHENBURG STUDY (SGS),1
SWEDEN WESTERN REGION OVARIAN CANCER STUDY (SWE),1
DEPARTMENTS OF CANCER EPIDEMIOLOGY AND ONCOLOGY UNIVERSITY HOSPITAL LUND (MISS),1
SWISS MEMORY GENETICS STUDY (SWISS MGS),1
STUDY OF MYOCARDIAL INFARCTION IN LEIDEN (SMILE),1
CARDIOVASCULAR DISEASE ASSOCIATION STUDY (CAVAS),1
STOCKHOLM-TARTU ATHEROSCLEROSIS REVERSE NETWORK ENGINEERING TASK (STARNET),1
CENTER FOR HIV/AIDS VACCINE IMMUNOLOGY (CHAVI),1
CENTER FOR AUTISM RESEARCH AND TREATMENT (CART),1
CENTER FOR ADDICTION AND MENTAL HEALTH (CAMH),1
STARR COUNTY (STARR),1
STENO DIABETES CENTER STUDY (STENO),1
CECCS (CECCS),1
STOCKHOLM DIABETES PREVENTION PROGRAM (SDPP),1
STOCKHOLM HEART EPIDEMIOLOGY PROGRAM (SHEEP),1
RESIDENCE ASSESSMENT INSTRUMENT (RAI),1
STUDY OF IRISH AMYOTROPHIC (SOIA),1
CALIFORNIA PERINATAL QUALITY CARE COLLABORATIVE (CPQCC),1
DEPARTMENT OF PEDIATRICS AT THE (PEDIATRICS),1
STROKE REGISTRY (SR),1
SOUTHERN GERMAN RECURRENT DEPRESSION (SGRD),1
STUDY GROUP OF THE (NIBIO),1
RESEARCH ON OSTEOARTHRITIS AGAINST DISABILITY (ROAD),1
REGISTRE GIRONI DEL COR (REGICOR),1
CAROTID ATHEROSCLEROSIS PROGRESSION STUDY (CAPS_B),1
STRUCTURE ANALYSIS (STRUCTURE),1
CROATIAN COLORECTAL CANCER GENETIC STUDY (CCCGS),1
DCDG (DCDG),1
CONSORTIUM FOR REFRACTIVE ERROR AND MYOPIA (CREAM),1
SAUDI NEWBORN COHORT (SAUDI),1
SAS (SAS),1
CZECH POST (CZECH POST),1
DALHOUSIE UNIVERSITY HOSPITAL (DUH),1
SHANGHAI CHANGZHENG HOSPITAL (SCH),1
CONNECTICUT ENDOMETRIAL CANCER STUDY (CECS),1
SANQUIN (SANQUIN),1
COMORBIDITY AND TRAUMA STUDY (CATS),1
COMBINED DANSHI (DANSHI),1
SAN FRANCISCO CITY CLINIC COHORT (SFCCC),1
COLORECTAL CANCER STUDY OF AUSTRIA (CORSA),1
DANA-FARBER COHORT (DFC),1
COLLABORATIVE TRANSPLANT STUDY (CTS),1
SHANGHAI JIAO TONG UNIVERSITY (SJTU),1
DANISH GLOSTRUP COHORT (DGC),1
DANISH HEALTH SERVICE REGISTER (DHSR),1
DANISH HIV COHORT STUDY (DHIVCS),1
COHORT HIP & COHORT KNEE (CHECK),1
COH (COH),1
COBRE FOR ORAL HEALTH STUDY (COBRE),1
COBRA STUDY (COBRA),1
SHANXI UGI CANCER GENETICS PROJECT (SHANXI),1
SHEFFIELD (SHEFFIELD),1
CONSIT (CONSIT),1
CONSORTIUM ON LITHIUM GENETICS (CONLIGEN),1
DBSNP VERSION 132 (DBSNP132),1
CYPRUS (CYPRUS),1
CRETE CANCER GENETICS PROGRAM (CCGP),1
SEATTLE (SEATTLE),1
SCOTLAND AND NEWCASTLE LYMPHOMA GROUP (SNLG),1
SEATTLE FAMILIAL COLORECTAL CANCER REGISTRY (SFCCR),1
CREATING A HIGHER UNDERSTANDING OF CANCER RESEARCH & COMMUNITY HEALTH (CHURCH),1
SEED (SEED),1
COVERGE (COVERGE),1
COURSE OF RLS (COR-),1
SEMI-STRUCTURED ASSESSMENT FOR GENETICS OF ALCOHOLISM (SSAGA),1
CORNELL REPOSITORY (CORNELL),1
SCORE (SCORE),1
SCLERODERMA FAMILY REGISTRY (SFR),1
SEOUL NATIONAL UNIVERSITY HOSPITAL (SNUH),1
SCHIZOPHRENIA GENETICS INITIATIVE (SGI),1
SEOUL NATIONAL UNIVERSITY HOSPITAL HEALTH CARE SYSTEM GANGNAM CENTER (SNHCG),1
COPENHAGEN STUDY (COPS),1
SCCHN (SCCHN),1
SEVERE CHILDHOOD ONSET OBESITY PROJECT UNITED KINGDOM (SCOOP-UK),1
SEY (SEY),1
SF1 (SF1),1
CVPATH INSTITUTE SUDDEN CARDIAC DEATH REGISTRY (CVPI-SCDR),1
SF2 (SF2),1
SCANIA DIABETES REGISTRY (SDR),1
CNIO OVARIAN CANCER STUDY (CNIO-OCS),1
SHENYANG LUNG CANCER STUDY (SLCS),1
CM-GOYA STUDY (CM-GOYA),1
SIGMA (SIGMA),1
SINGAPORE NATIONAL HEALTH SURVEY (NHS98),1
DANISH PELVIC MASS STUDY (DPMS),1
CHINESE UNIVERSITY OF HONG KONG (CUHK),1
CHINESE ACADEMY OF MEDICAL SCIENCES CANCER HOSPITAL (CAMSCH),1
SKIN CANCER NESTED CASE-CONTROL STUDY (SCNCCS),1
"CHINA, OXFORD, AND VCU EXPERIMENTAL RESEARCH ON GENETIC EPIDEMIOLOGY (CONVERGE)",1
SLE (SLE),1
SLEEP HEART HEALTH STUDY (SHHS),1
DANISH STUDIES (DANISH STUDIES),1
CHINA OSTEOPOROSIS STUDY (CHO),1
SLSI (SLSI),1
ROTTERDAM OVARIAN CANCER STUDY (ROCS),1
SNUH (SNUH),1
ROTTERDAM EYE STUDY (ROTES),1
SOCIAL SCIENCE GENETIC ASSOCIATION CONSORTIUM (SSGAC),1
CHILDRENS ONCOLOGY GROUP 9906 STUDY (COG),1
SORCE (SORCE),1
SOUTH KOREA MULTI-CENTER LUNG CANCER STUDY (SKLCS),1
"SCREENING ACROSS THE LIFESPAN TWIN SURVEY, YOUNGER COHORT (SALTY)",1
SOUTH LONDON ETHNICITY AND STROKE STUDY (SLESS),1
DBSNP VERSION 130 (DBSNP130),1
CHILDHOOD ASTHMA RESEARCH AND EDUCATION (CARE_C),1
CHILD AND ADOLESCENT TWIN STUDY IN SWEDEN (CATSS),1
CHO,1
SINGAPORE INDIAN CHINESE COHORT (SICC),1
CHONNAM NATIONAL UNIVERSITY LUNG CANCER STUDY (CNULCS),1
SIMULTANEOUS STUDY OF DOCETAXEL BASED ANTHRACYCLINE FREE ADJUVANT TREATMENT EVALUATION (SUCCESSC),1
SIGN (SIGN),1
CLOZUK (CLOZUK),1
SIKH DIABETES STUDY (SDS),1
SIKH GWAS (SIKH),1
SAFOS (SAFOS),1
SA (SA),1
RURAL COHORT (RURAL),1
TAIWAN HAN CHINESE CELL AND GENOME BANK (THCCGB),1
SILK ROAD COHORT (SRC),1
CLEVELAND CLINIC LONE ATRIAL FIBRILLATION GENEBANK STUDY (CCLAFGS),1
SIMULTANEOUS STUDY OF GEMCITABINE-DOCETAXEL COMBINATION ADJUVANT TREATMENT (SUCCESSB),1
DANISH NATIONAL BIRTH COHORT-GENOMICS OF EXTREMELY OVERWEIGHT YOUNG ADULTS (DNBC-GOYA),1
RUIJIN T2D STUDY (RJ STUDY),1
ROYAL NORTH SHORE HOSPITAL TWINS STUDY (RNSHTS),1
CLEVELAND CLINIC GENE BANK 2 (CCGB_2),1
CINCINNATI GENOMIC CONTROL COHORT (CCHMC),1
CHUVASHA (CHUVASHA),1
CHS LONGITUDINAL INVESTIGATION OF THROMBOEMBOLISM ETIOLOGY STUDY (LITE),1
CHRONIC RENAL INSUFFICIENCY STUDY STUDY (CRIC),1
DANISH INTER99 PROJECT (D99),1
CHOPSTICKS (CHOPSTICKS),1
CHOPIN (CHOPIN),1
INTERNATIONAL INFLAMMATORY BOWEL DISEASE GENETICS CONSORTIUM (IIBDGC),1
BREAST ER (BREAST ER),1
BSS (BSS),1
UNIVERSITY OF MINNESOTA STUDY (UMN),1
UNIVERSITY OF NORTH CAROLINA CANCORS STUDY (UNCCANCORS),1
ANRS PRIMO COHORT (ANRS PRIMO),1
ANRS CO18 (ANRS CO18),1
ANR (ANR),1
ANGLO CARDIFF COLLABORATIVE TRIAL (ACCT),1
UNIVERSITY OF UTRECHT (UTRECHT),1
ANGES (ANGES),1
UNIVERSITY OF WISCONSIN-TRANSDISCIPLINARY TOBACCO USE RESEARCH CENTE (UW-TTURC),1
UNIVERSITY OF _UNSTER (UNSTER),1
UP (UP),1
AMYLOIDOSIS CENTER AT UNIVERSITY CLINIC HEIDELBERG (ACUCH),1
UPITT (UPITT),1
AMU (AMU),1
US GWAS (US GWAS),1
US MILITARY HIV NATURAL HISTORY STUDY (US-HIV-NHS),1
US NIH COFAR EOE COHORT (USNIHFAREE),1
US PA GWAS DATASET (USPA),1
US RADIOLOGIC TECHNOLOGIST STUDY (USRT),1
USA KERATOCONUS STUDY (USK),1
USA2_AD (USA2_AD),1
USA_AD (USA_AD),1
UTAH CERVICAL ARTERY DISSECTION COLLECTION (UCADC),1
AMSTERDAM RESUSCITATION STUDIES (ARREST),1
UTAH/SHEFFIELD CHRONIC LYMPHOCYTIC LEUKEMIA COLLABORATIVE STUDY (UTAH-SHEFFIELD),1
UTRECHT CANNABIS COHORT (UCC),1
UTRECHT HEALTH PROJECT (UHP),1
"UTRECHT, THE NETHERLANDS IMMUNOCHIP STUDY SAMPLES (UNISS)",1
UNIVERSITY OF NORTH CAROLINA (UNC),1
UNIVERSITY OF MICHIGAN STUDY (MICHIGAN),1
UKIBDGC (UKIBDGC),1
UNIVERSITY OF MELBOURNE (AMDTDSS),1
UKPDS STUDY (UKPDS),1
UK_AD (UK_AD),1
UM/VU/MSSM (UM/VU/MSSM),1
ASH JEWISH (ASH JEWISH),1
UME (UME),1
UMEA GENETICS OF OBESITY (UGO),1
UMVU (UMVU),1
UMVUMSS (UMVUMSS),1
UNAM/INCMNSZ DIABETES STUDY (UIDS),1
UNITED KINGDOM CASE-SERIES (HN5000),1
UNITED KINGDOM COLORECTAL ADENOMA PREVENTION (UKCAP),1
UNITED KINGDOM GRAVES DISEASE COHORT (UKGDC),1
UNITED KINGDOM HOUSEHOLD LONGITUDINAL STUDY (UKHLS),1
UNITED KINGDOM RHEUMATOID ARTHRITIS GENETICS (UKRAG),1
"UNIVERSITY HEALTH NETWORK, TORONTO, CANADA (TOR)",1
UNIVERSITY HOSPITAL GASTHUISBERG LEUVEN (UHGL),1
ARIADNE (ARIADNE),1
UNIVERSITY HOSPITAL OF KUOPIO (UHK),1
UNIVERSITY HOSPITAL OF LIEGE (UHL),1
"UNIVERSITY HOSPITAL, UPPSALA (UHU)",1
UNIVERSITY OF ABERDEEN (ABERDEEN),1
UNIVERSITY OF AMSTERDAM (AMSTERDAM),1
"UNIVERSITY OF BAMAKO, MALI (BAMAKO)",1
AP-HP (AP-HP),1
UNIVERSITY OF BUEA (BUEA),1
ANZ (ANZ),1
UNIVERSITY OF COLORADO HEALTH CENTER/NATIONAL JEWISH RESEARCH CENTER AND ARKANSAS CHILDRENS HOSPITAL (NJRCACH),1
UVRIGPC (UVRIGPC),1
"UWA, LEI & FLINDERS (UWALF)",1
AMSTERDAM COHORT STUDIES ON HIV INFECTION AND AIDS (ACS_B),1
VALAIS (VALAIS),1
ADENOMA PREVENTION WITH CELECOXIB (APC),1
ADENOCARCINOMA (ADENOCARCINOMA),1
ADELAIDE BLOOD POOLS (ABP),1
WOMENS ANTIOXIDANT CARDIOVASCULAR STUDY (WACS),1
WOMENS CANCER PROGRAM AT THE SAMUEL OSCHIN COMPREHENSIVE CANCER INSTITUTE (WCPSOCCI),1
ADELAHYDE/NANCY/ERA-FRANCE (ADELAHYDE),1
ADACHI (ADACHI),1
AD-IG (AD-IG),1
ACUTE MYOCARDIAL INFARCTION GENE STUDY/DORTMUND HEALTH STUDY (AMI),1
AASC (AASC),1
WOMENS HEALTH INITIATIVE MEMORY STUDY (WHI-MS),1
WOMENS INSIGHTS AND SHARED EXPERIENCES STUDY (WISE),1
WOMENÂS HEALTH INITIATIVE HORMONE TRIAL HT (WHI-HT),1
WT2-UNITED KINGDOM (WT2),1
WU (WU),1
WUGS (WUGS),1
WUHAN DIABETES STUDY (WDS),1
WUHAN LUNG CANCER STUDY (WLCS),1
WUHAN-BEIJING GWA STUDY (WHBJ),1
XINJIANG UYGHUR STUDY (UYG),1
A. GEMELLI UNIVERSITY HOSPITAL OF ROME (AGUHR),1
YMCA (YMCA),1
"A SYGROS HOSPITAL, ATHENS (SYGROS)",1
YOUNG ADULT HODGKINS DISEASE CASE_CONTROL STUDY (YAHD),1
"YT2DM""OXGN (YT2DM""OXGN)",1
YUNNAN LUNG CANCER STUDY (YLCS),1
ZARAGOZA BLADDER CANCER STUDY (ZBCS),1
ADVANCED STUDY OF AORTIC PATHOLOGY (ASAP),1
WESTMEAD INSTITUTE FOR CANCER RESEARCH (WICR),1
WESTMEAD (WESTMEAD),1
ALCOHOL RELATED CANCERS AND GENETIC SUSCEPTIBILITY IN EUROPE STUDY (ARCGSES),1
AMISH FAMILY DIABETES STUDY (AFDS),1
AMERICAN CANCER SOCIETY PREVENTION STUDY (ACS_C),1
VANTAA85+ (VANTAA85+),1
VASCULITIS CLINICAL RESEARCH CONSORTIUM (VCRC),1
AMD (AMD),1
VFCTG (VFCTG),1
ALZHEIMERS RESEARCH TRUST (ART),1
VIBORG COUNTRY AAA SCREENING PROGRAM (VCAAA),1
"VIBORG HOSPITAL, DENMARK (VIBORG)",1
ALZHEIMERS ASSOCIATIONS INTERNATIONAL SOCIETY TO ADVANCE ALZHEIMERS RESEARCH AND TREATMENT (ISTAART),1
VICTOR/QUASAR2/BC58 (VQ58),1
VIRGINIA CERVICAL ARTERY DISSECTION (VCAD),1
ALCOHOL DEPENDENCE GWAS IN EUROPEAN- AND AFRICAN AMERICANS (ADGE),1
"AFFECTIVE CENTER AT ST GORAN HOSPITAL, STOCKHOLM (ACSGH)",1
ALBERTA OVARIAN TUMOR TYPES STUDY (AOTT),1
AIDS LINKED TO THE INTRAVENOUS EXPERIENCE (ALIVE),1
VOBARNO STUDY (VOBARNO),1
VRF (VRF),1
AGRICULTURAL HEALTH STUDY (AHS),1
AGHEALTH (AGHEALTH),1
WASHINGTON STATE UNIVERSITY LUNG CANCER STUDY (WSULC),1
AFRICAN AMERICAN STUDY (AAS),1
WEISS LABORATORY AUTISM COLLECTION (WLAC),1
WESSEX FAMILY STUDY (WESSEX),1
WESTERN AUSTRALIAN HIV COHORT STUDY (WAHCS),1
WESTERN AUSTRALIAN MELANOMA HEALTH STUDY (WAMHS),1
UKMI (UKMI),1
UKGRFOCR (UKGRFOCR),1
BSN (BSN),1
THE HELMHOLTZ-GEMEINSCHAFT DEUTSCHER FORSCHUNGSZENTREN (HGF),1
BREAST (DRIVE),1
BRCDECC (BRCDECC),1
BRCA2 (BRCA2),1
BRCA1 (BRCA1),1
THE MYOPIA GENOMICS STUDY (MYGS),1
BRAZILIAN COHORT (BRAZIL),1
THE NATIONAL UNIVERSITY HOSPITAL (LUH),1
BRAINSCALE (BRAINSCALE),1
BRAIN DEVELOPMENT AND AIR POLLUTION ULTRAFINE PARTICLES IN SCHOOL CHILDREN (BDAPUSC),1
BPAD (BPAD),1
THE NEW ZEALAND CAD STUDY (NZ-CAD),1
THE NORWEGIAN BIOBANK FOR MYELOMA (NBM),1
THE OLDER FINNISH TWIN COHORT (FINNTWINOLD),1
BOTNIA STUDY (BOTS),1
BOSTON PUERTO RICAN HEALTH STUDY (BPRHS),1
BOSTON EARLY-ONSET COPD STUDY (BEOCOPD),1
BOSTON (BOSTON),1
BMSA (BMSA),1
THE SEOUL CRC STUDY (SECRC),1
BLOODWISE CHILDHOOD LEUKEMIA CELL BANK (BCLCB),1
"BLANTYRE-WELLCOME TRUST PROJECT IN BLANTYRE, MALAWI (BLANTYRE)",1
BIPOLAR DISORDER GENETIC ASSOCIATION INFORMATION NETWORK (GAIN-BP),1
BIPOLAR AFFECTIVE CASE CONTROL STUDY (BACCS),1
THE SYSTEMIC LUPUS ERYTHEMATOSUS IN GULLAH HEALTH STUDY (SLEIGH),1
THE TONHOKU MEDICAL MEGABANK ORGANISATIONS (TONHOKU),1
BIPAS (BIPAS),1
THE TWO SISTER STUDY (2SISTER),1
BREAST AND PROSTATE CANCER COHORT CONSORTIUM (BPC3),1
BREAST CANCER EMPLOYMENT AND ENVIRONMENT STUDY (BCEES),1
UKCVD (UKCVD),1
THE FINNISH DATASET (FIN),1
TAIZHOU LONGITUDINAL STUDY (TZL),1
TAKASHIMA STUDY (TKS),1
TAMPA BAY OVARIAN CANCER STUDY (TBOCS),1
BRISBANE SYSTEMS GENETICS STUDY (BSGS),1
TANDEM (TANDEM),1
TARCC (TARCC),1
TASMANIAN LONGITUDINAL HEALTH STUDY (TLHS),1
TASMANIAN OLDER ADULT COHORT (TOAC),1
BRICOH (BRICOH),1
TCAD (TCAD),1
TCAGEN (TCAGEN),1
TCD BIOBANK (TCD),1
TEHRAN CARDIOMETABOLIC GENETIC STUDY (TCGS),1
TELETHON PARKINSONS BANK (TPB),1
TELOMERASE ACTIVITY COHORT (TAC),1
TENNESSEE COLORECTAL POLYP STUDY (TCPS),1
TENNESSEE VALLEY HEALTHCARE SYSTEM (TVHS),1
TENOR (TENOR),1
TERRE (TERRE),1
TESTPAC (TESTPAC),1
BREATHE (BREATHE),1
TEXAS-GWA STUDY (TEXAS),1
BREAST ONCOLOGY GALICIA NETWORK (BREOGAN),1
RA (RA),1
BREAST CANCER STUDY IN TAIWAN (BCST),1
BREAST CANCER IN NORTHERN ISRAEL STUDY (BCINIS),1
THE EASTERN EUROPE STUDY POPULATION (EESP),1
BIOX (BIOX),1
BIOBANK STUDY (MNDA),1
BIGSIB (BIGSIB),1
TIANJIN LUNG CANCER STUDY (TLCS),1
BANGLADESH RISK OF ACUTE VASCULAR EVENTS (BRAVE),1
BAEPENDI HEART STUDY (BAEPENDI),1
UK BARRETTS OESOPHAGUS GENE STUDY (UKBOGS),1
AUTISM GENOME PROJECT (AGP),1
UK BIOBANK FOR MOTOR NEURON DISEASE RESEARCH (UKMND),1
UK BLOOD SERVICES COMMON CONTROLS (UKSCC),1
UK BRAIN EXPRESSION CONSORTIUM (BRAINEAC),1
UK CAMBRIDGE/EDINBURGH 300K (UK CAMBRIDGE/EDINBURGH 300K),1
UK CAMBRIDGE/EDINBURGH 550K (UK CAMBRIDGE/EDINBURGH 550K),1
UK CHILDHOOD CANCER STUDY (UKCCS),1
AUTISM CASECONTROL COHORT (ACC),1
UK FAMILIAL BREAST CANCER STUDY (UKFBCS),1
AUSTRIOS A (AUSTRIOS-A),1
UK HUMANCOREEXOME GENOTYPED IBD STUDY (UKHCEIBD),1
UK LOW COVERAGE WHOLE GENOME SEQUENCING IBD STUDY (UK LOW),1
AUSTRALIAN NHMRC PROGRAM (NHMRC),1
AUSTRALIAN MELANOMA FAMILY STUDY (AMFS),1
AUSTRALIAN AND NORTHERN IRELAND KERATOCONUS (ANIK),1
AUSTRALIA ATM (ATM),1
UK NATIONAL HEALTH SERVICE TRUSTS (UKHST),1
UK NATIONAL MND DNA (UKMND),1
UK NEPHROPATHY FAMILY STUDY AND OXFORD REGIONAL PROSPECTIVE STUDY (NFS-ORPS/CAMBRIDGE),1
UK SEARCH OVARIAN CANCER STUDY (SEARCH-OCS),1
ATHENS STUDY OF PSYCHOSIS PRONENESS AND INCIDENCE OF SCHIZOPHRENIA (ASPIS),1
ATFS (ATFS),1
ASTARRS (ASTARRS),1
ASSESSMENT OF RISK IN COLORECTAL TUMORS IN CANADA (ARCTIC),1
BARCELONA (BARCELONA),1
BARN ALLERGY MILIEU STOCKHOLM EPIDEMIOLOGY (BAMSE),1
BARRY CAERPHILLY GROWTH STUDY (BCG),1
BELFAST ELDERLY LONGITUDINAL FREE-LIVING AGEING STUDY (BELFAS),1
TIERPS HOSPITAL (TH),1
TLGS (TLGS),1
BIDMC (BIDMC),1
BHWS (BHWS),1
BFBOCC (BFBOCC),1
TOKYO WOMENS MEDICAL UNIVERSITY (TWMU),1
BERLIN_FRANKFURT_MÏ¿½NSTER TRIALS (BFM),1
TORONTO OVARIAN CANCER STUDY (TOCS),1
TOSCANI IN ITALY (TSI),1
TOTAL LUNG CANCER (TLC),1
BELGIAN CASE CONTROL STUDY OF BLADDER CANCER (BSBC),1
TRANSCONTINENTAL COPD GENETICS STUDY (TCOPDGS),1
TREATMENT PROGRAM OF DLBCL PATIENTS FROM THE GROUPE DETUDE DES LYMPHOMES DE LADULTE (GELA),1
BAYERSCHERINGPHARMA (BAYERSCHERINGPHARMA),1
TRINITY STUDENT STUDY (TSS),1
TRIPLE-NEGATIVE BREAST CANCER CONSORTIUM (TNBCC),1
TROGLITAZONE IN THE PREVENTION OF DIABETES (TRIPOD),1
TURD (TURD),1
TWIN FAMILIES EBNA-1 GENOME-WIDE ASSOCIATION STUDY (TFEGWAS),1
BEL/FR (BEL/FR),1
BEIJING GENOME-WIDE ASSOCIATION STUDIES (BGWAS),1
BEAT-AF (BEAT-AF),1
BEACON (BEACON),1
BAYLOR COLLEGE OF MEDICINE (BCM),1
UCL-LASER (UCL-LASER),1
UCL-PRION (UCL-PRION),1
RAAK (RAAK),1
PROMPT (PROMPT),1
QUE_BEC FOUNDER POPULATION (QFP),1
HANNOVER-UFA OVARIAN CANCER STUDY (HUOCS),1
"MAMMOGRAPHY, OESTROGENS AND GROWTH FACTOR STUDY (MOG)",1
MANAGE (MANAGE),1
HEALTH SCIENCES UNIVERSITY OF HOKKAIDO (HSUH),1
MANMC (MANMC),1
MANNHEIM (MANNHEIM),1
HEALTH HABITS AND OPINIONS STUDY (HHO),1
HEALTH EFFECTS OF ARSENIC LONGITUDINAL STUDY (HEALS),1
MASS (MASS),1
HCSC (HCSC),1
MASSACHUSETTS GENERAL HOSPITAL PREMATURE CORONARY ARTERY DISEASE (MGH PCAD),1
HAWAII ENDOMETRIAL CANCER STUDY (HECS),1
MAURITIUS STUDY (MAURITIUS),1
HARTFORD (HARTFORD),1
MAYO MAMMOGRAPHY HEALTH STUDY (MMHS),1
HEART AND VASCULAR HEALTH (NVH),1
MAYO PHARMACOGENETICS RESEARCH NETWORK AROMATASE INHIBITOR AI STUDY (MAYO PGRN),1
HANNOVER-UFA BREAST CANCER STUDY (HUBCS),1
MAYO-PERLEGEN LINKED EFFORTS TO ACCELERATE PARKINSONS SOLUTIONS (LEAPS),1
MAYO_VDB (MAYO_VDB),1
HANNOVER-ALMATY ENDOMETRIAL CANCER STUDY (HAECS),1
HANNOVER BREAST CANCER STUDY (HABCS),1
MCOCS (MCOCS),1
HAN CHINESE STUDY (HAN CHINESE),1
HALST (HALST),1
MD ANDERSON LYMPHOMA CASE-CONTROL STUDY (MDALCCS),1
HAGEUNAU (HAGEUNAU),1
MD ANDERSON RENAL CELL CANCER STUDY (MDARCCS),1
MDAND (MDAND),1
MALMÏ¿½ UNIVERSITY HOSPITAL (MUH),1
HEART ATTACK RISK IN PUGET SOUND (HARPS),1
GWA META-ANALYSIS ON FAT DISTRIBUTION (MAFD),1
HERCULES (HERCULES),1
HOSPITAL CLINICO SAN CARLOS (HCSC),1
HOSPITAL CLINIC-IDIBAPS ACUTE/RECENT HIV-1 INFECTION COHORT (IDIBAPS),1
HORMONE INFLAMMATION AND PREGNANCY (HIP),1
LONGENITY STUDY (LONGENITY),1
HNSCC (HNSCC),1
HMGU (HMGU),1
HK-MGS (HK-MGS),1
HISAYAMA-FSR STUDY (HFSR),1
HIHG (HIHG),1
HIGH DENSITY SNP ASSOCIATION ANALYSIS OF MELANOMA (HDAAM),1
LOVELACE (LOVELACE),1
LOW (LOW),1
LSS (LSS),1
HEMOPHILIA GROWTH AND DEVELOPMENT STUDY (HGDS),1
HEBEI MEDICAL UNIVERSITY (CHN),1
HELSINKI SUDDEN DEATH STUDY/TAMPERE CORONARY STUDY (HSDS),1
HELSINKI BREAST CANCER PROJECT (HBCP),1
LUNG (TRICL),1
LUNG CANCER EPIDEMIOLOGY (LCE),1
LUNG CANCER IN THE YOUNG  STUDY (LUCY),1
LUNG CANCER STUDY FROM CANADA (LCSC),1
LUNG CANCER STUDY FROM ESTONIA (LCSE),1
HELSINKI 2000 ISCHEMIC STROKE GENETICS STUDY (HEL2000),1
HELLENIC ISOLATED COHORTS (HELIC),1
M. BELOUCHI (M BELOUCHI),1
MACEDONIAN BREAST CANCER STUDY (MABCS),1
"MALAWI-LIVERPOOL WELLCOME CLINICAL RESEARCH PROGRAMME, BLANTYRE (MLWCRP)",1
HEBREW UNIVERSITY GENEOMIC RESOURCE AJ SCHIZOPHRENIA CASE-CONTROL SAMPLE (HUGR),1
H2SS (H2SS),1
MEDICAL RESEARCH COUNCIL ASTHMA UK CENTER IN ALLERGIC MECHANISMS OF ASTHMA (MRCA-UK),1
MULTICENTRE ALLERGY STUDY (MALS),1
GLAUGEN (GLAUGEN),1
MIRBASE DATABASE (MIRBASE),1
MISCELLANEOUS (MISCELLANEOUS),1
MMHS (MMHS),1
MODENA COHORT (MODENA),1
MODSQUAD (MODSQUAD),1
GOG (GOG),1
GMETS STUDY (GMETS),1
GLIOGENE (GLIOGENE),1
GLAXOSMITHKLINE UPD (GSK UPD),1
MOLECULAR TAXONOMY OF BREAST CANCER INTERNATIONAL CONSORTIUM (METABRIC),1
GLAXOSMITHKLINE COPD (GSK COPD),1
MONITORING NATIONAL DU RISQUE ART_RIE (MONA-LISA),1
GLAXOSMITHKLINE BIPOLAR (GSK BIPOLAR),1
GLAUCOMA INHERITANCE STUDY IN TASMANIA (GIST),1
MINNESOTA TWIN FAMILY REGISTRY (MTR),1
GLASGOW STROKE SAMPLE (GSS),1
MPIPSYKL (MPIPSYKL),1
MRC-A/UK-C (MRC-A/UK-C),1
MRCOB (MRCOB),1
MRCS-UKC (MRCS-UKC),1
MS OS (MS OS),1
MSG2 (MSG2),1
GISSI-P (GISSI-P),1
MUENSTER CERVICAL ARTERY DISSECTION COLLECTION (MCADC),1
GIOI POPULATION (GIOI),1
MULTICENTER AIDS COHORT STUDY (MACS),1
MULTICENTER FAMILY STUDY (MFS),1
MULTICENTER HEMOPHILIA COHORT STUDIES (MHCS),1
GOT2D/T2D-GENES,1
GOTHENBURG CERVICAL ARTERY DISSECTION COLLECTION (GCADC),1
"MEDICAL RESEARCH COUNCIL UNIT, THE GAMBIA (MRCUTG)",1
MEXICAN-AMERICAN FAMILIES EBNA-1 GWAS (MAFEGWAS),1
MEDICAL UNIVERSITY OF GRAZ (GRAZ),1
GUTENBERG HEART EXPRESS STUDY (GHSEXPRESS),1
MELANOMA INQUIRY OF SOUTHERN SWEDEN (MISS),1
MELARISK (MELARISK),1
GUT MICROBIOTA AND OBESITY STUDY (GMOS),1
GUIZHOU-BIJIE TYPE 2 DIABETES STUDY (GBTDS),1
GUANGDONG STUDY (GDS),1
GROUPE HOSPITALIER PITIEÏ¿½- SALPE_TRIE`RE PARIS (PARIS),1
MESCA (MESCA),1
MESYBEPO (MESYBEPO),1
GROUP HEALTH RESEARCH INSTITUTE/UNIVERSITY OF WASHINGTON (GHRI),1
METASTROKE (METASTROKE),1
"MEXICAN ANCESTRY IN LOS ANGELES, CALIFORNIA (MEX)",1
MEXICO CHILDHOOD ASTHMA STUDY (MCAS),1
MINIMUM DATA SET (MDS),1
MEXICO CITY (MEXICO CITY),1
MIAMI (MIAMI),1
MICHIGAN GENOMICS INITIATIVE (MGI),1
MICHIGAN STATE UNIVERSITY TWIN REGISTRY (MSUTR),1
GRONINGEN RENAL HEMODYNAMIC COHORT STUDY GROUP (GRECO),1
GRIV COHORT (GRIV),1
MID ATLANTIC TWIN REGISTRY (MATR),1
GREEK TJR CASES (GTJR),1
MID-SOUTH TOBACCO FAMILY (MSTF),1
GRAGON (GRAGON),1
MIDSPAN FAMILY STUDY (MIDSPAN),1
GRACEGENETICS (GRACEGENETICS),1
GPC COHORT / SANGER INSTITUTE (SGPC),1
HOSPITAL CLINICO UNIVERSITARIO DE SANTIAGO (HCUS),1
LINXIAN NUTRITION INTERVENTION TRIAL (NIT),1
HSBC (HSBC),1
INHERIT (INHERIT),1
ITALIAN NETWORK ON GENETIC ISOLATES STUDIES (INGI),1
INSTITUTE OF RHEUMATOLOGY RHEUMATOID ARTHRITIS (IORRA),1
INSTITUTE OF GENETICS AND MOLECULAR MEDICINE (IGMM),1
INSTITUTE FOR BEHAVIORAL GENETICS (IBG),1
ITALY (ITALY),1
IUBC (IUBC),1
INSTITUT UNIVERSITAIRE DE CARDIOLOGIE ET DE PNEUMOLOGIE DE QUE_BEC (QUEBEC-CAVS),1
JAMAICAN PANEL FROM SPANISH TOWN (SPT),1
JANSSEN (JANSSEN),1
JAPAN (JAPAN),1
JAPAN AKITA (JAPAN AKITA),1
JAPAN PEDIATRIC ASTHMA CONSORTIUM (JPAC),1
INSERM (INSERM),1
JAPANESE CHILDHOOD ONSET ASTHMA IN ADULT ASTHMA RESEARCH (JCOAAD),1
INSTITUTO DE SALUD CARLOS III (DDM-SPAIN),1
JAPANESE FEMALE LUNG CANCER COLLABORATIVE STUDY (JLCS),1
JAPANESE GENETIC CONSORTIUM FOR ALZHEIMER DISEASE (JGSCAD),1
INFLAMMATORY BOWEL DISEASE IN SOUTH-EASTERN NORWAY (IBSEN),1
JAPC (JAPC),1
JAREDS (JAREDS),1
JERUSALEM (JERUSALEM),1
JERUSALEM LRC (JLRC),1
INDUSTRIAL COHORTS RESEARCH GROUP  (INDUSTRIAL),1
JOHNS HOPKINS HOSPITAL (JHH),1
JOHNS HOPKINS SIBLING AND FAMILY HEART STUDY (JH-SFHS),1
INDUSTRIAL COHORTS  / WOOD EXPOSURE (WOOD),1
INDUSTRIAL COHORTS  / WHEAT AND AMYLASE EXPOSURES (BAKERY),1
"JOINT MALARIA PROGRAMME, KILIMANJARO CHRISTIAN MEDICAL CENTRE (JMPKCMC)",1
ITALIAN CONSORTIUM FOR THE GENETICS OF ALS  (SLAGEN),1
ISLE OF WIGHT 1989_1990 BIRTH COHORT STUDY (IOW),1
HU (HU),1
INTERNATIONAL SSRI PHARMACOGENOMICS CONSORTIUM (ISPC),1
INTERNATIONAL HIV CONTROLLERS STUDY (IHIVCS),1
INTERNATIONAL MYOSITIS GENETICS CONSORTIUM (MYOGEN),1
INTERNATIONAL PARKINSON DISEASE GENOMICS CONSORTIUM (IPDGC),1
INTERNATIONAL PSC STUDY GROUP (IPSC),1
INTERNATIONAL SCHIZOPHRENIA CONSORTIUM (ISC),1
INTERNATIONAL HEADACHE GENETICS CONSORTIUM (IHGC),1
INTERNATIONAL SCHIZOPHRENIA CONSORTIUM AZORES (ISC-AZORES),1
INTERNATIONAL SCHIZOPHRENIA CONSORTIUM BULGARIA (ISC-BULGARIA),1
INTERNATIONAL GENETICS OF ANKYLOSING SPONDYLITIS CONSORTIUM (IGAS),1
INTERNATIONAL FTD-GENOMICS CONSORTIUM (IFGC),1
INTERNATIONAL COPD GENETICS NETWORK (ICGN),1
INTERNATIONAL CONSORTIUM ON THE GENETICS OF HEROIN DEPENDENCE - RESEARCH ON ALCOHOL AND TOBACCO RELATED PHENOTYPES (ICGHD RATRP),1
INTERNATIONAL CONSORTIUM ON THE GENETICS OF HEROIN DEPENDENCE - CENTER FOR INHERITED DISEASE RESEARCH (ICGHD CIDR),1
INTERNATIONAL STUDIES OF INFARCT SURVIVAL (ISIS),1
INTERACTION GÏ¿½NE-ENVIRONMENT EN PHYSIOPATHOLOGIE CARDIO-VASCULAIRE (IGE-PCV),1
INTERNATIONAL CONSORTIUM ON THE GENETICS OF HEROIN DEPENDENCE - ALCOHOL RELATED CONDITIONS (ICGHD ARC),1
INTERNATIONAL CONSORTIUM FOR BLOOD PRESSURE GENOME-WIDE ASSOCIATION STUDIES (ICBP),1
IOVHBOCS (IOVHBOCS),1
IOWA (IOWA),1
INTERNATIONAL COHORT COLLECTION FOR BIPOLAR DISORDER (ICCBD),1
IPM_EA_AFFY (IPM_EA_AFFY),1
IPM_EA_ILLU (IPM_EA_ILLU),1
IPOBCS (IPOBCS),1
INTERNATIONAL AGENCY FOR RESEARCH ON CANCER CENTRAL EUROPE STUDY (IARCCES),1
INTERNATIONAL AGE-RELATED MACULAR DEGENERATION GENOMICS CONSORTIUM (IAMDGC),1
IRISH BLOOD TRANSFUSION SERVICE (IBTS),1
IRISH SCHIZOPHRENIA GENOMICS CONSORTIUM (ISGC),1
IRSICAIXA FOUNDATION ACUTE/RECENT HIV-1 INFECTION COHORT (ICFA),1
JPT/CHB (JPT/CHB),1
INDUSTRIAL COHORTS  / ISOCYANATE EXPOSURE (ISOCYANATE),1
INDUSTRIAL COHORTS  / AGRICULTURAL EXPOSURES (AGRICULTURAL),1
LEEDS STROKE COHORT (LSC),1
ICELANDIC KIDNEY STONE DISEASE REGISTRY AT LUH (IKSDR),1
KURSK STATE MEDICAL UNIVERSITY  STUDY (KSMU),1
KWAME NKRUMAH UNIVERSITY OF SCIENCE AND TECHNOLOGY (KNUST),1
ICELANDIC ECG STUDY SAMPLE (IECG),1
KYUSHU UNIVERSITY (KYUSHU),1
ICELANDIC DISCOVERY SAMP,1
ICELANDIC ATRIOVENTRICULAR BLOCK SAMPLE (IABS),1
LAPC (LAPC),1
ICELANDIC ATRIAL FIBRILLATION SAMPLE (IAFS),1
LEARNING ON GENETICS OF SCHIZOPHRENIA SPECTRUM (LOGOS),1
ICCSS (ICCSS),1
ICAHN SCHOOL OF MEDICINE MOUNT SINAI (ISMMS),1
LEEDS MELANOMA COHORT (LMC),1
LEICESTER ROYAL INFIRMARY (LRI),1
INDIANA WOMEN COHORT (IWC),1
IBD DISCOVERY CASE COHORT (DC-IBD),1
I2B2 (I2B2),1
HYPERGLYCEMIC CLAMP COHORTS (HCC),1
LEIPZIG RESEARCH CENTER FOR CIVILIZATION DISEASES - HEART STUDY (LIFE-HEART),1
LEUKAEMIA RESEARCH CLL-4 TRIAL (LRCCL-4),1
LEUVEN (LEUVEN),1
HUTTERITES (HUTTERITES),1
HUSTON (HUSTON),1
HUNBOCS (HUNBOCS),1
LHS (LHS),1
LIBD (LIBD),1
LIFEGEN (LIFEGEN),1
HUBEI TYPE 2 DIABETES STUDIES (HTDS),1
ICELANDIC PACEMAKER POPULATION SAMPLE (IPPS),1
ICELANDIC SICK SINUS SYNDROME SAMPLE (ISSS),1
ICO (ICO),1
ICOGS (ICOGS),1
KANAGAWA CANCER CENTER (KANAGAWA),1
INDIANA SISTERS STUDY (ISS),1
INDIANA SISTERS OSTEOPOROSIS STUDY (INDIANA),1
KARMANOS CANCER INSTITUTE AT WAYNE STATE UNIVERSITY (KCI/WSU),1
INDIANA COHORT (INDIANA COHORT),1
#VALUE!,1
INDIAN DIABETES PREVENTION STUDY (IDPS),1
KAROLINSKA UNIVERSITY HOSPITAL (KUH),1
IMS-JST JSNP DATABASE (IMS-JST JSNP),1
IMPERIAL-LIVERPOOL-MELBOURNE COLLABORATION (ILM),1
KENTUCKY CASE-CONTROL STUDY (KCCS),1
KENTUCKY LUNG CANCER RESEARCH INITIATIVE (KLCRI),1
IMMUNOCHIP (IMMUNOCHIP),1
KINGS COLLEGE LONDON (KCL),1
KIOM (KIOM),1
KITANAGOYA GENOME (KING),1
KMSU (KMSU),1
KNIGHT ALZHEIMERÂS DISEASE RESEARCH CENTER (ADRC),1
KOREA CONSTITUTION MULTICENTER STUDY (KCMS),1
KOREA MEDICINE DATA CENTER (KDC),1
IMCJ (IMCJ),1
IIBDGC GENOTYPED CD STUDY (IIBDGC),1
KOREAN EPITHELIAL OVARIAN CANCER STUDY (KO-EVE),1
IFAM (IFAM),1
IDENTIFYING PROSTATE CANCER GENES (IPCG),1
KOREAN NATIONAL HEALTH INSURANCE (KNHI),1
ICONA FOUNDATION STUDY (IFS_B),1
GILDA RADNER HEREDITARY CANCER PROGRAM (GRHCP),1
GHANAIAN TB STUDY (GTB),1
QUEENSLAND TWIN AND FAMILY REGISTRY (QTR),1
ESSEN-HEIDELBERG (ESSEN-HEIDELBERG),1
OVARY - SEROUS (OVARY - SEROUS),1
OVCARE GYNEACOLOGIC TISSUE BANK AND OUTCOMES UNIT (OVCARE),1
EURODIAB (EURODIAB),1
EUGENDA (EUGENDA),1
EUDRAGENE (EUDRAGENE),1
PANCREATIC CANCER COHORT CONSORTIUM (PCCC),1
EU-RLS GENE (EU-RLS GENE),1
ETUDE DES FACTEURS DE RISQUE DE THROMBOSE VEINEUSE (FARIVE),1
ETUDE DES D_TERMINANTS/INTERACTION DE LA THROMBOSE VEINEUSE (EDITH),1
ETUDE CAS-T_MOIN SUR LINFARCTUS DU MYOCARDE (ECTIM),1
"PARKINSONS, GENES AND ENVIRONMENT (PARGE)",1
PARTAGE (PARTAGE),1
ET2DS (ET2DS),1
ESSEN OBESITY STUDY (ESSEN),1
OVARY (FOCI),1
PEDIATRIC CARDIAC GENOMICS CONSORTIUM (PCCC),1
PEKING UNIVERSITY THIRD HOSPITAL (PHTH),1
PEKING UNIVERSITY _ UNIVERSITY OF MICHIGAN STUDY OF ATHEROSCLEROSIS (PUUMA),1
ESOPHAGEAL ADENO-CARCINOMA (ESAC),1
PENN (PENN),1
ERCHS (ERCHS),1
PERADES PROJECT (PERADES),1
PERLEGEN SCIENCES GENOTYPED DISCOVERY SAMPLES (PSGDS),1
PFCG (PFCG),1
PFIZER (PFIZER),1
PG-SNPS (PG-SNPS),1
PGPD (PGPD),1
EPIFUND (EPIFUND),1
OVARY - ENDOMETRIAL (OVARY - ENDOMETRIAL),1
OVARIAN CANCER STUDY (OCS),1
PHILADELPHIA COHORT (PHILADELPHIA),1
FATTWIN (FATTWIN),1
FLANDERS-BELGIAN STUDY COHORT (BELGIUM_AD),1
OHIO THYROID CANCER COHORT (OTCC),1
FINNISH GENOME CENTER (FGC),1
FINNISH DIABETES PREVENTION STUDY (FDPS),1
FINNISH CRIME STUDY (FCS),1
OMNIE (OMNIE),1
FINNISH COLORECTAL CANCER (F-CRC),1
FINNDIANE (FINNDIANE),1
OPRA (OPRA),1
OREGON (OREGON),1
FIND LARGE REPLICATION (FILR),1
FIN-D2D (FIN-D2D),1
FEHRMANN (FEHRMANN),1
FANGCHENGGANG (FANGCHENGGANG),1
EUROPEAN COLLABORATIVE STUDY (ECS),1
OSTEOPOROSIS AND ULTRASOUND STUDY (OUSS),1
FACEBASE CONSORTIUMÂS 3D FACIAL NORMS (3DFN),1
F5LEIDEN COHORT (F5LEIDEN),1
EXPRESSION QUANTITATIVE TRAIT LOCI _ LUNG (EQTL),1
EXOMECHIP (EXOMECHIP),1
EXOMEBP,1
EW610 (EW610),1
OTTAWA HEART STUDY (OHS),1
OTTAWA HOSPITAL (OTTAWA),1
OUH (OUH),1
OUHRH (OUHRH),1
EVALUATION OF PREDICTIVE FACTORS REGARDING THE EFFECTIVITY OF AROMATASE INHIBITOR THERAPY (PREFACE),1
EUROPEAN YOUTH HEART STUDY (EYHS),1
PHARMACOGENOMICS RESEARCH NETWORK ANTIDEPRESSANT MEDICATION PHARMACOGENOMIC STUDY (PGRN-AMPS),1
PHILADELPHIA NEURODEVELOPMENTAL COHORT (PNC),1
MULTIPLE SCLEROSIS GENETICS STUDY (REFGENSEP),1
DUKE CATHGEN STUDY (DUKE_2),1
E2C2 (E2C2),1
PROGNOSTIC GENETIC FACTORS IN MULTIPLE SCLEROSIS (PROGEMUS),1
PROGRAM IN SLEEP AT EMORY UNIVERSITY (PSEU),1
DUTCH TWIN COHORT (DTWC),1
DUTCH RENAL CELL CANCER STUDY (DUTCH),1
"INTERNATIONAL INFLAMMATORY BOWEL DISEASE
GENETICS CONSORTIUM (IIBDGC)",1
PROSPECT (PROSPECT),1
DUTCH FAMILIAL COLORECTAL CANCER STUDY (DFCCS),1
PROSPECTIVE EVALUATION AND RISK ASSESSMENT (OPPERA),1
DUTCH AIH STUDY GROUP CONSORTIUM (DAIHSGC),1
DUKE NEUROGENETICS STUDY (DNS),1
DUKE MEMORY STUDY (DUMS),1
DUKE COGNITION COHORT (DCC),1
DUB (DUB),1
PRINCESS MARGARET CANCER CENTRE (PMCC),1
DSDBAC (DSDBAC),1
DRUG-INDUCED LIVER INJURY NETWORK (DILIN),1
PSYCHIATRIC GENOMICS CONSORTIUM (PGC),1
DOGS (DOGS),1
PSYCHOSIS ENDOPHENOTYPE CONSORTIUM (PEC),1
PUERTO RICO (PUERTO RICO),1
PUMWANI SEX WORKERS COHORT (PSWC),1
PURCHA,1
DKFZ (DKFZ),1
DISORDERS AND STROKE AND THE ALZHEIMERS DISEASE AND RELATED DISORDERS ASSOCIATION (NINCDS-ADRDA),1
"DISCOVERY, BIOLOGY AND RISK OF INHERITED VARIANTS IN BREAST CANCER CONSORTIUM (DRIVE)",1
DILIGEN (DILIGEN),1
DIETCOMPLYF BREAST CANCER SURVIVAL STUDY (DIETCOMPLYF),1
PRINCESS MARGARET HOSPITAL IN TORONTO (PMHT),1
EARLY GENETICS AND LIFECOURSE EPIDEMIOLOGY (EGLE),1
EPIDEMIOLOGY GENETIC PROGRAM AJ SCHIZOPHRENIA CASE-CONTROL SAMPLES (EPI GEN AJ SZ),1
ENGAGE (ENGAGE),1
EPIDEMIOLOGICAL INVESTIGATION OF MULTIPLE SCLEROSIS (EIMS),1
PIEMONTE AND VALLE DÂAOSTA REGISTER FOR AMYOTROPHIC LATERAL SCLEROSIS (PARALS),1
PIMA INDIANS STUDY (PIS),1
EPIDEMIOLOGICAL ARM OF THE DIABETES REDUCTION ASSESSMENT WITH RAMIPRIL AND ROSIGLITAZONE MEDICATION (EPIDREAM),1
PITTSBURGH OROFACIAL CLEFT (POFC),1
PIZARRA (PIZARRA),1
PLATO TRIAL (PLATO),1
PLIC (PLIC),1
PMB (PMB),1
POCEMON (POCEMON),1
EPICURE (EPICURE),1
EPICOLON (EPICOLON),1
ENIGMA (ENIGMA),1
PORTUGAL (PORTUGAL),1
EARLY GROWTH GENETICS (EGG),1
PORTUGUESE ISLAND COLLECTION (PIC),1
POST-MENOPAUSAL DANISH WOMEN (PMDW),1
POSTCEP STUDY (POSTCEP),1
ELY CASE_CONTROL STUDY (ELY CASE),1
EHIME UNIVERSITY SITE (NOMURA),1
EDAC (EDAC),1
PRE/POST DEPLOYMENT SURVEY (PPDS),1
ED (ED),1
PRESBYTERIAN UNIVERSITY HOSPITAL (PUH),1
PRESSIONI ARTERIOSE MONITORATE E LORO ASSOCIAZIONIE (PAMELA),1
EATING IN ATHEROSCLEROSIS SUSCEPTIBILITY (THISEAS),1
PREVENTION OF OVARIAN CANCER IN QUEBEC (PROVAQ),1
EASTERN EUROPEAN BLADDER CANCER STUDY (EEBCS),1
FLEMENGHO (FLEMENGHO),1
FLEURBAIX-LAVENTIE VILLE SANT_ II STUDY (FLVS-II),1
OCULAR HYPERTENSION TREATMENT STUDY (OHTS),1
NETWORK FOR THE STUDY OF OVARIAN DYSFUNCTION (NSOD),1
NATIONAL TAIWAN UNIVERSITY HOSPITAL DIABETES STUDY (NTUHDS),1
NAVRONGO MEMORIAL INSTITUTE (NMI),1
GENETICS OF OSTEOARTHRITIS AND LIFESTYLE (GOAL),1
GENETICS OF HYPERTENSION ASSOCIATED TREATMENT (GENHAT),1
NCCGP (NCCGP),1
NCI BLADDER CANCER (NCI-GWAS),1
GENETICS OF HEALTHY AGING (GEHA),1
NCI_BTS (NCI_BTS),1
NCRC (NCRC),1
NEMESIS (NEMESIS),1
NETHERLANDS OVARIAN CANCER STUDY (NETOCS),1
GENETICS OF GLUCOSE REGULATION IN GESTATION AND GROWTH (GEN3G),1
GENETICS OF GENERALIZED OSTEOARTHRITIS (GOGO),1
NEURO2006 (NEURO2006),1
GENIE (GENIE),1
NEUROGENETICS RESEARCH CONSORTIUM (NGRC),1
GENETICS OF FOOD ALLERGY STUDY (GOFA),1
GENETICS OF CEREBRAL HEMORRHAGE WITH ANTICOAGULATION (GOCHA),1
NEW ENGLAND LUNG CANCER STUDY (NELCS),1
GENETICS OF ASTHMA IN LATINO AMERICANS (GALA),1
NEW SOLDIER STUDY (NSS),1
NEW YORK CANCER PROJECT (NYCP),1
NEW ZEALAND (NZ),1
NEW ZEALAND VASCULAR GENETIC STUDY AAA GWAS DATASET (NZ-VAS),1
NEWCASTLE 85+ STUDY (N85PLUS),1
GENETICS OF ASTHMA IN COSTA RICA STUDY (GACRS),1
NGFN (NGFN),1
GENETICS IN FAMILIAL THROMBOSIS (GIFT),1
GENETICS OF OSTEOPOROSIS (GENOS),1
NATIONAL PSORIASIS FOUNDATION (NPF),1
OCGN (OCGN),1
NAROD (NAROD),1
GHANA (GHANA),1
MUNSTER (MUNSTER),1
MURCIA (MURCIA),1
MUV (MUV),1
MYAESTHENIA GRAVIS GWAS (MG_GWAS),1
GERMAN SIB-PAIR STUDY (GERMAN SIB-PAIR),1
GERMAN MULTICENTRE ASTHMA GENETICS IN CHILDHOOD STUDY (MAGICS),1
NAGANO (NAGANO),1
GERMAN LUNG CANCER STUDY (GLC),1
GERMAN LONGEVITY STUDY (GLS),1
GERMAN HODGKIN STUDY GROUP (GHSG),1
NANJING AND BEIJING LUNG CANCER STUDIES (NBLCS),1
GERMAN DUPUYTREN STUDY (GEDS),1
GERMAN BP SAMPLE (GERMAN BP),1
NATIONAL INSTITUTE ON AGING GENETICS OF ALZHEIMER'S DISEASE DATA STORAGE (NIAGADS),1
GERMAN ALZHEIMER DISEASE INTEGRATES GENOME RESEARCH NETWORK (GAGRN),1
NATIONAL BRAIN HEMORRHAGE STUDY (NATBHS),1
NATIONAL BRAIN TUMOUR STUDY (NBTS),1
GEORGETOWN (GEORGETOWN),1
GEO-PD (GEO-PD),1
NATIONAL CANCER INSTITUTE (NHL),1
GENYO (GENYO),1
GENRED 2 (GENRED2),1
NATIONAL CENTER FOR GLOBAL HEALTH AND MEDICINE HOSPITAL-BASED COHORT STUDY (CAGE-NCGM),1
GENPOD (GENPOD),1
"NATIONAL HEART, LUNG, AND BLOOD INSTITUTE CANDIDATE GENE ASSOCIATION RESOURCE (NHLBI CARE)",1
NATIONAL INSTITUTE OF DIABETES AND DIGESTIVE AND KIDNEY DISEASES (NIDDK),1
GENOME-WIDE ASSOCIATION STUDY OF BREAST CANCER IN THE AFRICAN DIASPORA (ROOT),1
GENETIC STUDIES IN NUCLEAR FAMILIES WITH ATOPIC DERMATITIS (GENUFAD),1
NHS-EGEMS (NHS-EGEMS),1
NHS-HU (NHS-HU),1
G-FAST (G-FAST),1
GENDER (GENDER),1
NORTHERN AND WESTERN EUROPEAN ANCESTRY (CEU),1
NORTHERN CALIFORNIA LUNG CANCER STUDY (NC-LCS),1
NORTHERN DUTCH HODGKIN LYMPHOMA STUDY (NDHLS),1
GELCC FAMILIAL LUNG CANCER SAMPLES (GELCC),1
GEISINGER MEDICAL CENTER (GMC),1
NORTHERN INSTITUTE FOR CANCER RESEARCH (NICR),1
GEFOS (GEFOS),1
NORTHERN SWEDEN HEALTH AND DISEASE STUDY COHORT (NSHDS),1
NORTHWESTERN NUGENE PROJECT (NUGENE),1
GAUGEN (GAUGEN),1
GALICIA (GALICIA),1
GAIT2 (GAIT2),1
FUNCTIONAL GENOMIC DIAGNOSTIC TOOLS FOR CORONARY ARTERY DISEASE (FGENTCARD),1
GENETIC RESEARCH IN ISOLATED (GRISO),1
FUDAN-HUASHAN STUDY (FUDAN-HUASHAN),1
NOSOS (NOSOS),1
FUDAN LUNG CANCER STUDY (FLCS),1
NOTTINGHAM OA CASE-CONTROL STUDY (NOA),1
NOTTINGHAM SIB PAIR ASTHMA STUDY (NSPA),1
NOVEL RISK FACTORS AND POTENTIAL  EARLY DETECTION MARKERS FOR OVARIAN CANCER (NRFPEDMOC),1
NPHS (NPHS),1
NSHDS (NSHDS),1
FRISCII (FRISCII),1
FRENCH NATIONAL CANCER INSTITUTE (INCA),1
FONDAMENTAL BIPOLAR (FMB),1
FOCUS (FOCUS),1
FOA (FOA),1
GENE ENVIRONMENT-ASSOCIATION STUDIES (GENEVA),1
NORTH CAROLINA PROSTATE CANCER STUDY (NCPCS),1
GENE EXPRESSION OMNIBUS (GEO),1
NORTH CAROLINA BLADDER CANCER STUDY (NCBCS),1
NICOTINE ADDICTION GENETICS STUDY / INTERACTIVE RESEARCH PROJECT GRANTS (NAG/IRPG),1
NICOTINE ADDICTION GENETICS Ï¿½ FINLAND  STUDY (FTC/NAG-FIN),1
GENETIC ORIGIN OF DUPUYTREN DISEASE (GODDAF),1
GENETIC INVESTIGATION OF ANTHROPOMETRIC TRAITS CONSORTIUM (GIATC),1
GENETIC EPIDEMIOLOGY OF MIGRAINE (GEM),1
NIH (NIH),1
NIJMEGEN (NIJMEGEN),1
GENETIC EPIDEMIOLOGICAL STUDY OF LUNG ADENOCARCINOMA (GELAC),1
GENETIC CONSORTIUM FOR ANOREXIA NERVOSA (GCAN),1
NIJMEGEN CERVICAL ARTERY DISSECTION COLLECTION (NCADC),1
GENETIC ASSOCIATIONS AND MECHANISMS IN ONCOLOGY (GAME-ON),1
NIJMEGEN OVARIAN CANCER STUDY (NOCS),1
GENETIC ARCHITECTURE OF SMOKING AND SMOKING CESSATION (GASSC),1
NIJMEGEN THYROID CANCER COHORT (NTCC),1
"NIMH GENES, COGNITION AND PSYCHOSIS PROGRAM (GCAP)",1
GENETIC AND IMMUNOLOGICAL STUDIES OF EUROPEAN AND AFRICAN HIV-1+ LONG TERM NON-PROGRESSORS (GISHEAL),1
NIOSH_AGCC (NIOSH_AGCC),1
NNPIO (NNPIO),1
GENETIC AND ENVIRONMENTAL RISK FACTORS FOR HEMORRHAGIC STROKE (GERFHS),1
GENETIC ANALYSIS OF MULTIPLE SCLEROSIS (GAMS),1
GENESIS (GENESIS),1
GENES- ENVIRONMENTS & ADMIXTURE IN LATINO AMERICANS STUDY (GALA II),1
GENES AND ENVIRONMENT IN MULTIPLE SCLEROSIS (GENMS),1
"GENES AND ENVIRONMENT IN LUNG CANCER, SINGAPORE STUDY (GEL-S)",1
NORFOLK ISLAND COHORT (NIC),1
GENEPA (GENEPA),1
GENE MSA SWITZERLAND (GENE MSA SW),1
Â UPPSALA LONGITUDINAL STUDY OF ADULT MEN (ULSAM),1
