COLLECTIVE,Clean_Name
23andMe,23andMe
23andme  genetic epidemiology of parkinson's disease consortium,23andme ; Genetic Epidemiology of Parkinson's Disease Consortium
23andme genetic epidemiology of parkinson's disease consortium,23andme ; Genetic Epidemiology of Parkinson's Disease Consortium
23andMe Research Team,23andMe
23andme research team7,23andMe
AAGC,AAGC
AAGC collaborators,AAGC
ABCTB Investigators,ABCTB
ACCORD Investigators,ACCORD
ACCORD/ACCORDion Investigators,ACCORD ; ACCORDion
Acne Genetic Study Group,Acne Genetic Study Group
AddNeuroMed Consortium,AddNeuroMed Consortium
ADIPOGen Consortium,ADIPOGen Consortium
AFGen Consortium,AFGen Consortium
African American Breast Cancer Consortium (AABC) and African Ancestry Prostate Cancer Consortium (AAPC),African American Breast Cancer Consortium (AABC) ; African Ancestry Prostate Cancer GWAS Consortium
african ancestry prostate cancer consortium (aapc),African Ancestry Prostate Cancer GWAS Consortium
African Ancestry Prostate Cancer GWAS Consortium,African Ancestry Prostate Cancer GWAS Consortium
African TB Genetics Consortium,African TB Genetics Consortium
AGEN,AGEN
AGEN Consortium,AGEN
AGEN-BMI Working Group,AGEN
AGEN-T2D Consortium,AGEN
Alcohol Genome-wide Association (AlcGen) Consortium,Alcohol Genome-wide Association (AlcGen) Consortium
all members of the PanEuropean Working group on ACP,all members of the PanEuropean Working group on ACP
als sequencing consortium,ALS sequencing consortium
ALSGEN Consortium,ALSGEN Consortium
Alzheimer Disease Genetic Consortium (ADGC),Alzheimer Disease Genetics Consortium
Alzheimer Disease Genetics Consortium,Alzheimer Disease Genetics Consortium
Alzheimer Genetic Analysis Group,Alzheimer Genetic Analysis Group
AlzheimerÂ DiseaseÂ GeneticÂ Consortium (ADGC),Alzheimer Disease Genetics Consortium
Alzheimerâ€™ Disease Genetic Consortium,Alzheimer Disease Genetics Consortium
alzheimerâ€™s disease genetics consortium,Alzheimer Disease Genetics Consortium
Alzheimerâ€™s Disease Neuroimaging Initiative,Alzheimers Disease Neuroimaging Initiative
Alzheimerâ€™s Disease Neuroimaging Initiative (ADNI),Alzheimers Disease Neuroimaging Initiative
Alzheimerâ€™s Disease Neuroimaging Initiative Investigators,Alzheimers Disease Neuroimaging Initiative
Alzheimer's Disease Genetic Consortium,Alzheimer's Disease Genetic Consortium
Alzheimer's Disease Genetics Consortium,Alzheimer's Disease Genetic Consortium
Alzheimer's Disease Genetics Consortium (ADGC),Alzheimer's Disease Genetic Consortium
Alzheimer's Disease Neuroimaging Initiative,Alzheimer's Disease Neuroimaging Initiative
Alzheimer's Disease Neuroimaging Initiative (ADNI),Alzheimer's Disease Neuroimaging Initiative
Alzheimer's Neuroimaging Initiative,Alzheimer's Neuroimaging Initiative
AMD Gene Consortium,AMD Gene Consortium
AMFS Investigators,AMFS Investigators
Anders Hamsten on behalf of Procardis Consortium,Procardis Consortium
Aneurysm Consortium; Vascular Research Consortium of New Zealand,Aneurysm Consortium ; Vascular Research Consortium of New Zealand
ANRS Genomic Group,ANRS Genomic Group
answer als foundation,answer als foundation
ANZgene Consortium,ANZgene Consortium
ANZRAG Consortium,ANZRAG Consortium
AOCS Group,AOCS Group
aocs investigators,AOCS Group
AOCS Management Group,AOCS Group
AOCS study group,AOCS Group
AOGC Consortium,AOGC Consortium
AortaGen Consortium,AortaGen Consortium
APC Trial Collaborators,APC Trial Collaborators
arcOGEN Collaborators,arcOGEN Consortium
arcOGEN Consortium,arcOGEN Consortium
gefos/genomos consortium and the 23andme research team,GEFOS Consortium ; 23andMe
"arcogen consortium, gefos consortium",arcOGEN Consortium ; GEFOS Consortium
areds2 research group,AREDS2 Research Group
Army Study to Assess Risk and Resilience in Servicemembers (STARRS) Collaborators,Army Study to Assess Risk and Resilience in Servicemembers (STARRS) Collaborators
aruk consortium,ARUK consortium
Ashkenazi Jewish Dataset Investigator,Ashkenazi Jewish Dataset Investigator
Asian Genetic Epidemiology Network Consortium,Asian Genetic Epidemiology Network Consortium
Asian Genetic Epidemiology Network Type 2 Diabetes (AGEN-T2D) Consortium,Asian Genetic Epidemiology Network Consortium
Asian Genetic Epidemiology Networkâ€“Type 2 Diabetes (AGEN-T2D) Consortium,Asian Genetic Epidemiology Network Consortium
Asian Lupus Genetics Consortium,Asian Lupus Genetics Consortium
ATHENS Melanoma Study Group,ATHENS Melanoma Study Group
AtheroRemo Consortium,AtheroRemo Consortium
Ausimmmune/AusLong investigators group,Ausimmmune/AusLong investigators group
Australia and New Zealand MS Genetics Consortium,Australia and New Zealand MS Genetics Consortium
Australia and New Zealand Multiple Sclerosis Genetics Consortium (ANZgene),Australia and New Zealand Multiple Sclerosis Genetics Consortium (ANZgene)
Australian and New Zealand Multiple Sclerosis Genetics Consortium (ANZgene),Australia and New Zealand Multiple Sclerosis Genetics Consortium (ANZgene)
Australian Asthma Genetics Consortium,Australian Asthma Genetics Consortium
Australian Asthma Genetics Consortium (AAGC),Australian Asthma Genetics Consortium
australian asthma genetics consortium (aagc) collaborators,AAGC
Australian Asthma Genetics Consortium Collaborators,Australian Asthma Genetics Consortium
Australian Breast Cancer Tissue Bank (ABCTB) Investigators,Australian Breast Cancer Tissue Bank Investigators
Australian Breast Cancer Tissue Bank Investigators,Australian Breast Cancer Tissue Bank Investigators
Australian Cancer (Ovarian) Study,Australian Cancer Study
Australian Cancer Study,Australian Cancer Study
Australian Cancer Study (Ovarian Cancer Investigators),Australian Cancer Study
Australian Cancer Study (Ovarian Cancer),Australian Cancer Study
Australian National Endometrial Cancer Study Group,Australian National Endometrial Cancer Study Group
Australian National Endometrial Cancer Study Group (ANECS),Australian National Endometrial Cancer Study Group
Australian Ovarian Cancer Study,Australian Ovarian Cancer Study
Australian Ovarian Cancer Study Group,Australian Ovarian Cancer Study
Australian Prostate Cancer BioResource,Australian Prostate Cancer BioResource
australian prostate cancer bioresource (apcb),Australian Prostate Cancer BioResource
Australian Stroke Genetics Collaborative,Australian Stroke Genetics Collaborative
"Australian Stroke Genetics Collaborative, Wellcome Trust Case Control Consortium 2 (WTCCC2)",Australian Stroke Genetics Collaborative ; Wellcome Trust Case Control Consortium 2 (WTCCC2)
Australo-Anglo-American Spondyloarthritis Consortium (TASC),Australo-Anglo-American Spondyloarthritis Consortium (TASC)
Autism Spectrum Disorders Working Group of The Psychiatric Genomics Consortium,Autism Spectrum Disorders Working Group of The Psychiatric Genomics Consortium
Barrett's and Esophageal Adenocarcinoma Consortium (BEACON),Barrett's and Esophageal Adenocarcinoma Consortium (BEACON)
Bayer Pharma MS Genetics Working Group,Bayer Pharma MS Genetics Working Group
BCFR,BCFR
Belgian-French IBD Consortium,Belgian-French IBD Consortium
beyond and benefit study groups,Beyond and Benefit Study Groups
BiGS,BiGS
BiGS Consortium,BiGS
biobank japan cooperative hospital group,BioBank Japan Project
BioBank Japan Project,BioBank Japan Project
BioBank Japan Project (RIKEN) Working Groups,BioBank Japan Project
biologics in rheumatoid arthritis genetics and genomics study syndicate,Biologics in Rheumatoid Arthritis Genetics and Genomics Study Syndicate Consortium
Biologics in Rheumatoid Arthritis Genetics and Genomics Study Syndicate Consortium,Biologics in Rheumatoid Arthritis Genetics and Genomics Study Syndicate Consortium
BIOLUPUS,BIOLUPUS
BiomarkerMS Study Group,BiomarkerMS Study Group
BIOS consortium,BIOS consortium
BIOS-consortium,BIOS consortium
Bipolar Disorder Genome Study (BiGS) Consortium,Bipolar Disorder Genome Study (BiGS) Consortium
Bipolar Disorder Working Group of the Psychiatric Genomics Consortium,Bipolar Disorder Working Group of the Psychiatric Genomics Consortium
Bipolar Disorders Working Group of the Psychiatric Genomics Consortium,Bipolar Disorder Working Group of the Psychiatric Genomics Consortium
Bipolar Genome Study,Bipolar Genome Study
Bipolar Genome Study (BiGS),Bipolar Genome Study
Bipolar Genome Study (BiGS) Consortium,Bipolar Genome Study
"Bipolar Genome Study (BiGS) Consortium,",Bipolar Genome Study
"Bipolar Genome Study (BiGS) Consortium, The Wellcome Trust Case Control Consortium Bipolar Disorder Group",Bipolar Genome Study (BiGS) Consortium ; The Wellcome Trust Case Control Consortium Bipolar Disorder Group
Bipolar Genome Study Consortium,Bipolar Genome Study
BIRAC Consortium,BIRAC Consortium
Blue Mountains Eye Study,Blue Mountains Eye Study
Blue Mountains Eye Study (BMES),Blue Mountains Eye Study
Blue Mountains Eye Study GWAS Team,Blue Mountains Eye Study
Blue Mountains Eye Studyâ€”GWAS group,Blue Mountains Eye Study
BMES GWAS Group,Blue Mountains Eye Study
BOCS,BOCS
Bone Mineral Density in Childhood Study (BMDCS),Bone Mineral Density in Childhood Study (BMDCS)
Bone Mineral Density in Childhood Study (BMDCS) Group,Bone Mineral Density in Childhood Study (BMDCS)
Bone Mineral Density in Childhood Study BMDCS,Bone Mineral Density in Childhood Study (BMDCS)
boston children's jia registry,Boston Children's JIA Registry
BPC3 consortium,BPC3 consortium
Breast and Ovarian Cancer Susceptibility Collaboration,Breast and Ovarian Cancer Susceptibility Collaboration
Breast and Prostate Cancer Cohort Consortium (BPC3),Breast and Prostate Cancer Cohort Consortium (BPC3)
Breast Cancer Association Consortium,Breast Cancer Association Consortium
Breast Cancer Family Registry,Breast Cancer Family Registry
Breast Cancer Susceptibility Collaboration (UK),Breast Cancer Susceptibility Collaboration (UK)
BRIGHT,BRIGHT
British Association of Urological Surgeons' Section of Oncology,British Association of Urological Surgeons' Section of Oncology
British Society for Rheumatology Biologics Register,British Society for Rheumatology Biologics Register
british society of paediatric and adolescent rheumatology (bspar) study group,British Society of Pediatric and Adolescent Rheumatology (BSPAR) Study Group
British Society of Paediatric and Adolescent Rheumatology Study Group,British Society of Pediatric and Adolescent Rheumatology (BSPAR) Study Group
"British Society of Pediatric and Adolescent Rheumatology (BSPAR) Study Group, Inception Cohort of Newly Diagnosed Patients with Juvenile Idiopathic Arthritis (ICON-JIA) Study Group, Childhood Arthritis Prospective Study (CAPS) Group, Randomized Placebo Phase Study of Rilonacept in sJIA (RAPPORT) Investigators, Sparks-Childhood Arthritis Response to Medication Study (CHARMS) Group, Biologically Based Outcome Predictors in JIA (BBOP) Group",British Society of Pediatric and Adolescent Rheumatology (BSPAR) Study Group ; Inception Cohort of Newly Diagnosed Patients with Juvenile Idiopathic Arthritis (ICON-JIA) Study Group ; Childhood Arthritis Prospective Study (CAPS) Group ; Randomized Placebo Phase Study of Rilonacept in sJIA (RAPPORT) Investigators;  Sparks-Childhood Arthritis Response to Medication Study (CHARMS) Group ; Biologically Based Outcome Predictors in JIA (BBOP) Group
Broad Antisocial Behavior Consortium collaborators,Broad Antisocial Behavior Consortium collaborators
broad genomics platform,Broad Genomics Platform
BSPAR study group,BSPAR study group
BSSH-GODD Consortium,BSSH-GODD Consortium
C4D Consortium,C4D Consortium
CADISP Group,CADISP Group
Cambridge GEM Consortium,Cambridge GEM Consortium
Canadian Pharmacogenomics Network for Drug Safety Consortium,Canadian Pharmacogenomics Network for Drug Safety Consortium
canadian pharmacogenomics network for drug safety;,Canadian Pharmacogenomics Network for Drug Safety Consortium
Canadian-US PBC Consortium,Canadian-US PBC Consortium
canary pass investigators,Canary Pass Investigators
Cancer and Leukemia Group B,Cancer and Leukemia Group B
cancer of the prostate in sweden (caps),Cancer of the Prosate in Sweden
Candidate-gene Association Resource (CARe) Consortium,Candidate-gene Association Resource (CARe) Consortium
CARDIo GRAMplusCD,CARDIo GRAMplusCD
Cardiogenics,Cardiogenics
Cardiogenics Consortium,Cardiogenics
CARDIOGRAM,CARDIOGRAM
CARDIoGRAM consortium,CARDIOGRAM
CARDIoGRAMplusC4D,CARDIoGRAMplusC4D
CARDIOGRAMplusC4D Consortium,CARDIoGRAMplusC4D
"CARDS, ASCOT, and PROSPER Investigators",CARDS ; ASCOT ; PROSPER
CARe and CHARGE Consortia,CARe ; CHARGE
CARe and COGENT consortia,CARe ; COGENT
CARe Consortium,CARe
CCFR,CCFR
CCFR and GECCO,CCFR ; GECCO
Center for HIV/AIDS Vaccine Immunology,Center for HIV/AIDS Vaccine Immunology
CHARGE Consortium,CHARGE
CHARGE Consortium Aging and Longevity Group,CHARGE
CHARGE Consortium Heart Failure Working Group,CHARGE
CHARGE Consortium Hematology Working,CHARGE
charge consortium hematology working group,CHARGE
CHARGE Consortium Hemostatic Factor Working Group,CHARGE
CHARGE Consortium Inflammation Group,CHARGE
"CHARGE consortium, SpiroMeta consortium",CHARGE ; SpiroMeta
CHARGE Extracoronary Calcium Working Group,CHARGE
CHARGE Heart Failure Working Group,CHARGE
CHARGE Hematology,CHARGE
CHARGE Hematology Working Group,CHARGE
CHARGE Inflammation Working Group,CHARGE
CHARGE Lipids Working Group,CHARGE
charge neurology working group,CHARGE
CHARGE Nutrition Working Group,CHARGE
CHARGE QRS Consortium,CHARGE
charge+ exome chip blood pressure consortium,CHARGE
CHARGE-AF Consortium,CHARGE
charge-echogen consortium,CHARGE ; ECOGEN
charge-heart failure consortium,CHARGE
CHARGe-Heart Failure Group,CHARGE
CHARGE-HF consortium,CHARGE
CHARGE-QRS consortium,CHARGE
scd working group of the charge consortium,CHARGE
CHARGE-SCD consortium,CHARGE
CHARTER Study Group,CHARTER Study Group
CHD Exome+ Consortium,CHD Exome+ Consortium
Childhood Arthritis Prospective Study (CAPS),Childhood Arthritis Prospective Study (CAPS)
Childhood Arthritis Response to Medication Study (CHARMS),Childhood Arthritis Response to Medication Study (CHARMS)
Childhood Asthma Management Program (CAMP),Childhood Asthma Management Program (CAMP)
Childhood Asthma Research and Education (CARE) Network,Childhood Asthma Research and Education (CARE) Network
Children's Health Study (CHS) and HARBORS study,Children's Health Study (CHS) and HARBORS study
China Consortium for Genetics of Autoimmune Thyroid Disease,China Consortium for Genetics of Autoimmune Thyroid Disease
China Consortium for the Genetics of Autoimmune Thyroid Disease,China Consortium for the Genetics of Autoimmune Thyroid Disease
China POF Study Group,China POF Study Group
chinese antipsychotics pharmacogenomics consortium,chinese antipsychotics pharmacogenomics consortium
Chinese Schizophrenia Collaboration Group,Chinese Schizophrenia Collaboration Group
Chronogen Consortium,Chronogen Consortium
CIBERESP Cases and Controls in Pandemic Influenza Working Group,CIBERESP Cases and Controls in Pandemic Influenza Working Group
CIMBA,CIMBA
CKDGen Consortium,CKDGen Consortium
clinical research in als and related disorders for therapeutic development (create) consortium,Clinical Research in ALS and Related Disorders for Therapeutic Development (CREATE) Consortium
Clozapine-Induced Agranulocytosis Consortium,Clozapine-Induced Agranulocytosis Consortium
Coffee and Caffeine Genetics Consortium,Coffee and Caffeine Genetics Consortium
COGENT,COGENT
COGENT Consortium,COGENT
COGENT Study,COGENT
COGENT-BP consortium,COGENT
cogent-kidney consortium,COGENT
COGS (Collaborative Oncological Gene-environment Study) Consortium,COGS Consortium
COGSâ€“Cancer Research UK GWASâ€“ELLIPSE (part of GAME-ON) Initiative,COGS Consortium
Cohorts for Health and Aging Research in Genetic Epidemiology (CHARGE),CHARGE
Cohorts for Heart and Ageing Research in Genome Epidemiology (CHARGE) BP Exome Consortium,CHARGE
Cohorts for Heart and Aging Research in Genetic Epidemiology (CHARGE) Consortium,CHARGE
Cohorts for Heart and Aging Research in Genome Epidemiology (CHARGE) Consortium Neurology Working Group,CHARGE
Cohorts for Heart and Aging Research in Genomic Epidemiology,CHARGE
cohorts for heart and aging research in genomic epidemiology (charge) consortium,CHARGE
Cohorts for Heart and Aging Research in Genomic Epidemiology (CHARGE) QRS Group,CHARGE
Cohorts for Heart and Aging Research in Genomic Epidemiology Consortium,CHARGE
COIN Collaborative Group,COIN Collaborative Group
COINB Collaborative Group,COINB Collaborative Group
Collaborative Association Study of Psoriasis,Collaborative Association Study of Psoriasis
collaborative association study of psoriasis (casp),Collaborative Association Study of Psoriasis
Colon Cancer Family Registry (CCFR),Colon Cancer Family Registry
Colon Cancer Family Registry and Genetics and Epidemiology of Colorectal Cancer Consortium,Colon Cancer Family Registry ; Genetics and Epidemiology of Colorectal Cancer Consortium
colon cancer family registry and the genetics and epidemiology of colorectal cancer consortium,Colon Cancer Family Registry ; Genetics and Epidemiology of Colorectal Cancer Consortium
Colorectal Cancer Association Study Consortium,Colorectal Cancer Association Study Consortium
Colorectal Transdisciplinary (CORECT) Study,Colorectal Transdisciplinary (CORECT)
Colorectal Transdisciplinary Study (CORECT),Colorectal Transdisciplinary (CORECT)
Colorectal Tumour Gene Identification (CORGI) Consortium,Colorectal Tumour Gene Identification (CORGI) Consortium
COLUMBUS Consortium,COLUMBUS Consortium
COMPASS and METASTROKE Consortia,COMPASS Consortium ; METASTROKE Consortium
compass consortium,COMPASS Consortium
complications of age-related macular degeneration prevention trial  research group,Complications of Age-Related Macular Degeneration Prevention Trial Research Group
Complications of Age-Related Macular Degeneration Prevention Trial Research Group,Complications of Age-Related Macular Degeneration Prevention Trial Research Group
ConFab/AOCS Investigators,ConFab/AOCS Investigators
Consortium for Refractive Error and Myopia,Consortium for Refractive Error and Myopia
Consortium for Refractive Error and Myopia (CREAM),Consortium for Refractive Error and Myopia
Consortium of Investigators of Modifiers of BRCA1 and BRCA2,Consortium of Investigators of Modifiers of BRCA1 and BRCA2
"CONVERGE Consortium, CARDIoGRAM Consortium, GERAD1 Consortium",CONVERGE Consortium ; CARDIoGRAM Consortium ; GERAD1 Consortium
COPD Gene investigators,COPDGene Investigators
COPDGene and ECLIPSE Investigators,COPDGene  Investigators ; ECLIPSE Investigators
COPDGene Investigators,COPDGene Investigators
COPDGene Investigatorsâ€”clinical centers,COPDGene Investigators
CORGI Consortium,CORGI Consortium
"CORGI Consortium,",CORGI Consortium
Coronary Artery Disease (C4D) Genetics Consortium,Coronary Artery Disease (C4D) Genetics Consortium
Coronary ARtery DIsease Genome-Wide Replication And Meta-Analysis (CARDIoGRAM) Consortium,Coronary ARtery DIsease Genome-Wide Replication And Meta-Analysis (CARDIoGRAM) Consortium
CORtisol NETwork (CORNET) Consortium,CORtisol NETwork (CORNET) Consortium
CREAM Consortium,Consortium for Refractive Error and Myopia
Cross-Disorder Group of the Psychiatric Genomics Consortium,Cross-Disorder Group of the Psychiatric Genomics Consortium
Cross-Disorder Working Group of the Psychiatric Genomics Consortium,Cross-Disorder Group of the Psychiatric Genomics Consortium
DCCT/EDIC,DCCT/EDIC
DCCT/EDIC Research Group,DCCT/EDIC
"DCCT/EDIC Study Group, Jose C. Florez",DCCT/EDIC
deCODE Genetics,deCODE Genetics
DESIR study group,DESIR study group
diabetes control and complications trial (dcct)/epidemiology of diabetes interventions and complications (edic) research group,Diabetes Control and Complications Trial/Epidemiology of Diabetes Interventions and Complications Research Group
Diabetes Control and Complications Trial/Epidemiology of Diabetes Interventions and Complications (DCCT/EDIC) Research Group,Diabetes Control and Complications Trial/Epidemiology of Diabetes Interventions and Complications Research Group
Diabetes Control and Complications Trial/Epidemiology of Diabetes Interventions and Complications Research Group,Diabetes Control and Complications Trial/Epidemiology of Diabetes Interventions and Complications Research Group
"Diabetes Control and Complications Trial/Epidemiology of Diabetes Interventions, and Complications Research Group",Diabetes Control and Complications Trial/Epidemiology of Diabetes Interventions and Complications Research Group
Diabetes Genetics Initiative,Diabetes Genetics Initiative
"Diabetes Genetics Initiative of Broad Institute of Harvard and MIT, Lund University, and Novartis Institutes of BioMedical Research",Diabetes Genetics Initiative
Diabetes Genetics Replication and Meta-analyses (DIAGRAM+) Study,DIAGRAM
DIAbetes Genetics Replication And Meta-analysis (DIAGRAM) Consortium,DIAGRAM
diabetes prevention program research group,Diabetes Prevention Program Research Group
Diabetes Research on Patient Stratification (DIRECT),Diabetes Research on Patient Stratification (DIRECT)
DIAGRAM,DIAGRAM
DIAGRAM Consortium,DIAGRAM
DIAGRAM+ Consortium,DIAGRAM
DietGen Consortium,DietGen Consortium
DILIGEN,DILIGEN
DILIGEN Study,DILIGEN
DILIN,DILIN
disco (deciphering disorders involving scoliosis and comorbidities) study,DISCO
DPP Investigators,DPP Investigators
DRIVE GAME-ON Consortium,DRIVE GAME-ON Consortium
Drug-Induced Liver Injury Network,Drug-Induced Liver Injury Network
Duke Perioperative Genetics and Safety Outcomes (PEGASUS) Investigative Team,Duke Perioperative Genetics and Safety Outcomes (PEGASUS) Investigative Team
Dutch Autoimmune Hepatitis Study Group,Dutch Autoimmune Hepatitis Study Group
Dutch Dupuytren Study Group,Dutch Dupuytren Study Group
Dutch POF Consortium,Dutch POF Consortium
EADI1 Consortium,EADI1 Consortium
EArly Genetics & Lifecourse Epidemiology (EAGLE) Consortium,EArly Genetics and Lifecourse Epidemiology (EAGLE) Consortium
EArly Genetics and Lifecourse Epidemiology (EAGLE) Consortium,EArly Genetics and Lifecourse Epidemiology (EAGLE) Consortium
Early Genetics and Lifecourse Epidemiology Consortium,EArly Genetics and Lifecourse Epidemiology (EAGLE) Consortium
Early Genetics Lifecourse Epidemiology (EAGLE) Consortium,EArly Genetics and Lifecourse Epidemiology (EAGLE) Consortium
Early Growth Genetics (EGG) Consortium,Early Growth Genetics Consortium
Early Growth Genetics Consortium,Early Growth Genetics Consortium
Eating Disorders Working Group of the Psychiatric Genomics Consortium,Eating Disorders Working Group of the Psychiatric Genomics Consortium
ECHOGen Consortium,ECHOGen Consortium
ECLIPSE and COPDGene Investigators,ECLIPSE Investigators ; COPDGene
ECLIPSE Investigators,ECLIPSE Investigators
ECLIPSE Study NETT Investigators,ECLIPSE Investigators ; NETT Investigators
"ECLIPSE, ICGN, and COPDGene Investigators",ECLIPSE  Investigators ; ICGN  Investigators ; COPDGene Investigators
Electronic Medical Records and Genomics (eMEMERGEGE) Consortium,Electronic Medical Records and Genomics (eMEMERGEGE) Consortium
electronic Medical Records and Genomics (eMERGE) Network,Electronic Medical Records and Genomics (eMEMERGEGE) Consortium
EMAS Study Group,EMAS Study Group
EMBRACE,EMBRACE
EMBRACE Study,EMBRACE
eMERGE Consortium,eMERGE Consortium
eMERGE Network,eMERGE Consortium
EMINet Consortium,EMINet Consortium
ENGAGE Consortium,ENGAGE Consortium
ENGAGE Consortium Telomere Group,ENGAGE Consortium
Enhancing Neuro Imaging Genetics through Meta-Analysis Consortium,Enhancing Neuro Imaging Genetics through Meta-Analysis Consortium
ENIGMA Consortium,ENIGMA Consortium
EPIC Study,EPIC Study
EPIC-CVD Consortium,EPIC Study
EPIC-Interact Consortium,EPIC Study
EPICOLON Consortium,EPICOLON Consortium
EPICURE Consortium,EPICURE Consortium
Epidemiological Investigation of Rheumatoid Arthritis (EIRA) study group,Epidemiological Investigation of Rheumatoid Arthritis (EIRA) study group
EPIGEN,EPIGEN
EPIGEN Consortium,EPIGEN
epigen consortium;,EPIGEN
epipgx consortium;,EpiPGX
eqtlgen,EQTLGEN
ESICM/ECCRN GenOSept Investigators,ESICM/ECCRN GenOSept Investigators
Esophageal Adenocarcinoma Genetics Consortium,Esophageal Adenocarcinoma Genetics Consortium
Esophageal Adenocarcinoma GenEtics Consortium (EAGLE),Esophageal Adenocarcinoma Genetics Consortium
Essen-Heidelberg Investigators,Essen-Heidelberg Investigators
EuDAC,EuDAC
EuDAC collaborators,EuDAC
EUDRAGENE,EUDRAGENE
EUGENE2 (European Network on Functional Genomics of Type 2 Diabetes) Study,EUGENE2 (European Network on Functional Genomics of Type 2 Diabetes) Study
Eunice Kennedy Shriver National Institute of Child Health and Human Development (NICHD) Genomic and Proteomic Network for Preterm Birth Research (GPN-PBR),Eunice Kennedy Shriver National Institute of Child Health and Human Development  ; Genomic and Proteomic Network for Preterm Birth Research (GPN-PBR)
Eunice Kennedy Shriver National Institute of Child Health and Human Development Neonatal Research Network,Eunice Kennedy Shriver National Institute of Child Health and Human Development
EuroCLOT Investigators,EuroCLOT Investigators
Eurogout Consortium,Eurogout Consortium
European Alzheimer's Disease Initiative (EADI),European Alzheimer's Disease Initiative (EADI)
European Alzheimer's Disease Initiative Investigators,European Alzheimer's Disease Initiative (EADI)
European Multiple System Atrophy Study Group and the UK Multiple System Atrophy Study Group,European Multiple System Atrophy Study Group and the UK Multiple System Atrophy Study Group
European Narcolepsy Network,European Narcolepsy Network
EUROSPAN Consortium,EUROSPAN Consortium
Evaluation of Chronic Obstructive Pulmonary Disease Longitudinally to Identify Predictive Surrogate End-Points (ECLIPSE),European Alzheimer's Disease Initiative (EADI)
Evaluation of COPD Longitudinally to Identify Predictive Surrogate Endpoints and COPDGene Investigators,Evaluation of COPD Longitudinally to Identify Predictive Surrogate Endpoints and COPDGene Investigators
ExomeBP Consortium,ExomeBP Consortium
FALS Sequencing Consortium,FALS Sequencing Consortium
Familial Breast Cancer Study,Familial Breast Cancer Study
Familial Breast Cancer Study (FBCS),Familial Breast Cancer Study
Familial Intracranial Aneurysm Study Investigators,Familial Intracranial Aneurysm Study Investigators
Family Investigation of Nephropathy and Diabetes (FIND),Family Investigation of Nephropathy and Diabetes (FIND)
FBIRN,FBIRN
FGENTCARD Consortium,FGENTCARD Consortium
FIA Study Investigators,FIA Study Investigators
FIND Consortium,FIND Consortium
FinnDiane Study Group,FinnDiane Study Group
FinnDiane Study Group and the GENIE Consortium,FinnDiane Study Group ; GENIE Consortium
"FinnDiane Study Group, Jaakko Tuomilehto","FinnDiane Study Group, Jaakko Tuomilehto"
finnish diabetic nephropathy study (finndiane),FinnDiane Study Group
FINNPEC Study Group,FINNPEC Study Group
for the International Age-Related Macular Degeneration Genomics Consortium (IAMDGC), International Age-Related Macular Degeneration Genomics Consortium (IAMDGC)
Framingham Heart Study,Framingham Heart Study
french als consortium,French ALS Consortium
French AMD Investigators,French AMD Investigators
French ANRS HC EP 26 Genoscan Study Group,French ANRS HC EP 26 Genoscan Study Group
French Parkinson's Disease Genetics Study Group,French Parkinson's Disease Genetics Study Group
Fuchs' Genetics Multi-Center Study Group,Fuchs' Genetics Multi-Center Study Group
Fuchs'Â Genetics Multi-Center Study Group,Fuchs' Genetics Multi-Center Study Group
FUSION,FUSION
GABRIEL Consortium,GABRIEL Consortium
GABRIELA Study Group,GABRIEL Consortium
GAME Investigators,GAME Investigators
GAME-ON/ELLIPSE Consortium,GAME Investigators ; ELLIPSE Consortium
GARNET (The Genomics and Randomized Trials Network) Collaborative Research Group,GARNET consortium
GARNET consortium,GARNET consortium
GCKD Investigators,GCKD Investigators
GEANE study group,GEANE study group
GECCO,GECCO
gefos any-type of fracture consortium,GEFOS Consortium
GEFOS Consortium,GEFOS Consortium
GEFOS-seq Consortium,GEFOS Consortium
Geisinger-Regeneron DiscovEHR Collaboration,Geisinger-Regeneron DiscovEHR Collaboration
GEMO Study Collaborators,GEMO Study Collaborators
GENAROAD Consortium,GENAROAD Consortium
GEN-AVM Consortium,GEN-AVM Consortium
GENDEP Investigators,GENDEP Investigators
Gene Discovery Project of Johns Hopkins & the Autism Consortium,Gene Discovery Project of Johns Hopkins & the Autism Consortium
Gene Environment Interaction and Breast Cancer in Germany (GENICA) Consortium,Gene Environment Interaction and Breast Cancer in Germany (GENICA) Consortium
Gene ENvironmental Interaction and breast CAncer (GENICA) Network,Gene ENvironmental Interaction and breast CAncer (GENICA) Network
"Gene, Environment Association Studies Consortium","Gene, Environment Association Studies Consortium"
GeneMSA,GeneMSA
GenePD,GenePD
"GenePD Investigators, Coordinators and Molecular Genetic Laboratories",GenePD ; Coordinators and Molecular Genetic Laboratories
Generation Scotland,Generation Scotland
GENESIS Consortium,GENESIS Consortium
Genetic Analysis of Idiopathic Thrombophilia (GAIT) and Precocious Coronary Artery Disease (PROCARDIS) consortia,Genetic Analysis of Idiopathic Thrombophilia (GAIT) and Precocious Coronary Artery Disease (PROCARDIS) consortia
genetic analysis of psoriasis consortium,Genetic Analysis of Psoriasis Consortium
Genetic Analysis of Psoriasis Consortium & the Wellcome Trust Case Control Consortium 2,Genetic Analysis of Psoriasis Consortium ; Wellcome Trust Case Control Consortium 2
genetic analysis of psoriasis consortium (gapc),Genetic Analysis of Psoriasis Consortium
Genetic and Environmental Risk in Alzheimer's Disease,Genetic and Environmental Risk in Alzheimer's Disease
genetic associations and mechanisms in oncology (game-on)/elucidating loci involved in prostate cancer susceptibility (ellipse) consortium,GAME Investigators ; ELLIPSE Consortium
Genetic Determinants of Paget's Disease (GDPD) Consortium,Genetic Determinants of Paget's Disease (GDPD) Consortium
Genetic Factors for Osteoporosis (GEFOS) Consortium,Genetic Factors for Osteoporosis Consortium
Genetic Factors for Osteoporosis Consortium,Genetic Factors for Osteoporosis Consortium
Genetic Investigation of ANthropometric Traits (GIANT) Consortium,Genetic Investigation of ANthropometric Traits Consortium
Genetic Investigation of ANthropometric Traits Consortium,Genetic Investigation of ANthropometric Traits Consortium
Genetic Research on Asthma in African Diaspora (GRAAD) Study,Genetic Research on Asthma in African Diaspora (GRAAD) Study
Genetic Risk and Outcome in Psychosis (GROUP Investigators),Genetic Risk and Outcome in Psychosis (GROUP)
Genetic Risk and Outcome in Psychosis (GROUP),Genetic Risk and Outcome in Psychosis (GROUP)
Genetic Study Group of Investigation Committee on Ossification of the Spinal Ligaments,Genetic Study Group of Investigation Committee on Ossification of the Spinal Ligaments
Genetics and Epidemiology of Colorectal Cancer Consortium (GECCO),Genetics and Epidemiology of Colorectal Cancer Consortium (GECCO)
"Genetics of Asthma in Latino Americans (GALA) Study, Study of Genes-Environment and Admixture in Latino Americans (GALA2) and Study of African Americans, Asthma, Genes & Environments (SAGE)","Genetics of Asthma in Latino Americans (GALA) Study ; Study of Genes-Environment and Admixture in Latino Americans (GALA2) ; Study of African Americans, Asthma, Genes & Environments (SAGE)"
Genetics of Liver Disease (GOLD) Consortium,Genetics of Liver Disease (GOLD) Consortium
Genetics of Overweight Young Adults (GOYA) Consortium,Genetics of Overweight Young Adults (GOYA) Consortium
Genetics of Personality Consortium,Genetics of Personality Consortium
Genetics of Type 1 Diabetes in Finland,Genetics of Type 1 Diabetes in Finland
GENEVA Consortium,GENEVA Consortium
GENICA,GENICA
GENICA (Gene Environment Interaction and Breast Cancer in Germany) Network,GENICA
GENICA Consortium,GENICA
GENICA Network,GENICA
genie (genetics of nephropathy an international effort) consortium,GENIE Consortium
GENIE Consortium,GENIE Consortium
"GENIE Consortium, David Dunger",GENIE Consortium
Genome of the Netherlands Consortium,Genome of the Netherlands Consortium
GenoMEL,GenoMEL
GenoMEL Consortium,GenoMEL
GenoMEL Investigators,GenoMEL
GenomEUtwin Project,GenomEUtwin Project
genomic translation for als care (gtac) consortium,GTAC Consortium
Genomics and Randomized Trials Network,Genomics and Randomized Trials Network
GenPhenReSa Consortium,GenPhenReSa Consortium
GERAD Consortium,GERAD Consortium
"gerad/perades, charge, adgc, eadi",GERAD ; PERADES ; CHARGE ; ADGC ; EADI
GERAD1 Consortium,GERAD Consortium
German Dupuytren Study Group,German Dupuytren Study Group
german society for pediatric rheumatology (gkjr),GKJR Consortium
GIANT Consortium,GIANT Consortium
GINI-10 Plus Study Group,GINI-10 Plus Study Group
GLGC,GLGC Consortium
GLGC Consortium,GLGC Consortium
GLGC Investigators,GLGC Consortium
GliomaScan Consortium,GliomaScan Consortium
Global B Pgen Consortium,Global BPgen Consortium
Global Blood Pressure Genetics Consortium,Global Blood Pressure Genetics Consortium
Global BPgen Consortium,Global BPgen Consortium
Global Lipids Genetics Consortium,Global Lipids Genetics Consortium
global-bpgen consortium,Global BPgen Consortium
GoDARTS and UKPDS Diabetes Pharmacogenetics Study Group,GoDARTS and UKPDS Diabetes Pharmacogenetics Study Group
GOLD Consortium,GOLD Consortium
GoT2DGenes Consortium,GoT2DGenes Consortium
GRAAD,GRAAD
Greek Parkinson's Disease Consortium,Greek Parkinson's Disease Consortium
GROUP investigators10,GROUP investigators10
groupe franã§aise d'etude gã©nã©tique des spondylarthrites (gfegs),GFEGS Consortium
GUARDIAN (Genetics UndeRlying DIAbetes in HispaNics) Consortium,GUARDIAN (Genetics UndeRlying DIAbetes in HispaNics) Consortium
GUGC consortium,GUGC consortium
HAPO Study Cooperative Research Group,HAPO Study Cooperative Research Group
HEBON,HEBON
HEBON Study,HEBON
HEBON Study Collaborators,HEBON
HEPAVIH ANRS CO13 Cohort Study Group,HEPAVIH ANRS CO13 Cohort Study Group
Hereditary Breast and Ovarian Cancer Research Group Netherlands (HEBON),Hereditary Breast and Ovarian Cancer Research Group Netherlands (HEBON)
Hispanic Colorectal Cancer Study,Hispanic Colorectal Cancer Study
HOMED-BP study group,HOMED-BP study group
hong kong diabetes registry theme-based research scheme project group,Hong Kong Diabetes Registry Theme-Based Research Scheme Project Group
Hong Kongâ€“Shanghai Kawasaki Disease Genetics Consortium,Hong Kong Shanghai Kawasaki Disease Genetics Consortium
HRGEN Consortium,HRGEN Consortium
Human Disease Genomics Working Group,Human Disease Genomics Working Group
Hussman Institute of Human Genomics (HIHG),Hussman Institute of Human Genomics (HIHG)
IBD Pharmacogenetics Study Group,IBD Pharmacogenetics Study Group
IBSEN study group,IBSEN study group
ICBP,ICBP Consortium
ICBP Consortium,ICBP Consortium
ICGN Investigators,ICGN Investigators
icon-jia study group,Inception Cohort of Newly Diagnosed Patients with Juvenile Idiopathic Arthritis (ICON-JIA) Study Group
IDEAL investigators,IDEAL investigators
IGAP Consortium,IGAP Consortium
IHG Consortium,IHG Consortium
IMAGE Consortium,IMAGE Consortium
IMAGE II Consortium Group,IMAGE Consortium
IMAGEN,IMAGEN
IMAGEN Consortium,IMAGEN
impact study,Impact Study
INDICO,INDICO
Infectious Disease Clinical Research Program HIV Working Group,Infectious Disease Clinical Research Program HIV Working Group
Inflammation Working Group of the CHARGE Consortium,Inflammation Working Group of the CHARGE Consortium
InterAct Consortium,InterAct Consortium
international cannabis consortium,international cannabis consortium
international age-related macular degeneration genomics consortium (iamdgc),International Age-Related Macular Degeneration Genomics Consortium (IAMDGC)
international consortium for blood pressure,International Consortium for Blood Pressure (ICBP-GWAS)
International Consortium for Blood Pressure (ICBP-GWAS),International Consortium for Blood Pressure
International Consortium for Blood Pressure Genome-Wide Association Studies,International Consortium for Blood Pressure
International Consortium for Blood Pressure Genome-wide Association Studies (ICBP-GWAS),International Consortium for Blood Pressure
International Consortium for Blood Pressure GWAS,International Consortium for Blood Pressure
International Consortium for Prostate Cancer Genetics,International Consortium for Prostate Cancer Genetics
International Consortium for Systemic Lupus Erythematosus Genetics,International Consortium for Systemic Lupus Erythematosus Genetics
International Consortium for Systemic Lupus Erythematosus Genetics (SLEGEN),International Consortium for Systemic Lupus Erythematosus Genetics
International Consortium of Blood Pressure (ICBP) 1000G Analyses,International Consortium for Blood Pressure
International Consortium on Lithium Genetics (ConLi+Gen),International Consortium on Lithium Genetics (ConLi+Gen)
International Consortium on Systemic Lupus Erythematosus Genetics,International Consortium on Systemic Lupus Erythematosus Genetics
International COPD Genetics Consortium,International COPD Genetics Consortium
International COPD Genetics Network Investigators,International COPD Genetics Network Investigators
International Drug-induced Liver Injury Consortium,International Drug-induced Liver Injury Consortium
"International Drug-Induced Liver Injury Consortium, Drug-Induced Liver Injury Network Investigators, and International Serious Adverse Events Consortium",International Drug-Induced Liver Injury Consortium ; Drug-Induced Liver Injury Network Investigators ; and International Serious Adverse Events Consortium
International Endogene Consortium,International Endogene Consortium
international ftd-genomics consortium,International FTD-Genomics Consortium
international genetics of ankylosing spondylitis consortium (igas),International Genetics of Ankylosing Spondylitis Consortium (IGAS)
International Genomics of Alzheimer's Project (IGAP),International Genomics of Alzheimer's Project (IGAP)
"International Genomics of Alzheimer's Project (IGAP), investigators",International Genomics of Alzheimer's Project (IGAP)
International Genomics of Blood Pressure (iGEN-BP) Consortium,International Genomics of Blood Pressure (iGEN-BP) Consortium
International Glaucoma Genetics Consortium,International Glaucoma Genetics Consortium
International Headache Genetics Consortium,International Headache Genetics Consortium
International Hepatitis C Genetics Consortium,International Hepatitis C Genetics Consortium
International HIV Controllers Study,International HIV Controllers Study
International IBD Genetics Consortium,International IBD Genetics Consortium
International IBD Genetics Consortium (IIBDGC),International IBD Genetics Consortium
international inflammatory bowel disease genetics consortium,International Inflammatory Bowel Disease Genetics Consortium
International Kawasaki Disease Genetics Consortium,International Kawasaki Disease Genetics Consortium
International League Against Epilepsy Consortium on Complex Epilepsies. Electronic address: epilepsy-austin@unimelb.edu.au,International League Against Epilepsy Consortium on Complex Epilepsies
international league against epilepsy consortium on complex epilepsies;,International League Against Epilepsy Consortium on Complex Epilepsies
International Lung Cancer Consortium,International Lung Cancer Consortium
International Meningococcal Genetics Consortium,International Meningococcal Genetics Consortium
International MS Genetics Consortium,International MS Genetics Consortium
International Multiple Sclerosis Genetics Consortium,International MS Genetics Consortium
international multiple sclerosis genetics consortium (imsgc),International MS Genetics Consortium
International Nasopharyngeal Carcinoma (NPC) Genetics Working Group,International Nasopharyngeal Carcinoma (NPC) Genetics Working Group
International Parkinson Disease Genomics Consortium,International Parkinson Disease Genomics Consortium
International Parkinsonâ€™s Disease Genomics Consortium (IPDGC),International Parkinson Disease Genomics Consortium
International Parkinson's Disease Genomics Consortium,International Parkinson Disease Genomics Consortium
International Parkinson's Disease Genomics Consortium (IPDGC),International Parkinson Disease Genomics Consortium
International PSC Study Group,International PSC Study Group
international psc study group (ipscsg),International PSC Study Group
"international psc study group, the uk psc consortium",International PSC Study Group ; UK-PSC Consortium
International SAE Consortium,International SAEC
International SAEC,International SAEC
International Schizophrenia Consortium,International Schizophrenia Consortium
International Serious Adverse Events Consortium,International Serious Adverse Events Consortium
International Serious Adverse Events Consortium (SAEC),International Serious Adverse Events Consortium
International Stroke Genetics Consortium,International Stroke Genetics Consortium
International Stroke Genetics Consortium (ISGC),International Stroke Genetics Consortium
"International Stroke Genetics Consortium (ISGC), UK Young Lacunar Stroke DNA resource",International Stroke Genetics Consortium; UK Young Lacunar Stroke DNA resource
international visible trait genetics consortium,International Visible Trait Genetics Consortium
international visible trait genetics consortium,International Visible Trait Genetics Consortium
INVENT Consortium,INVENT Consortium
ipsychâ€“broad adhd workgroup,iPSYCH-SSI-Broad Group
ipsych-broad autism group,iPSYCH-SSI-Broad Group
iPSYCH-SSI-Broad Group,iPSYCH-SSI-Broad Group
Irish Schizophrenia Genomics Consortium and the Wellcome Trust Case Control Consortium 2,Irish Schizophrenia Genomics Consortium ; Wellcome Trust Case Control Consortium 2
"Italian Atherosclerosis, Thrombosis, and Vascular Biology Working Group","Italian Atherosclerosis, Thrombosis, and Vascular Biology Working Group"
Italian PBC Genetics Study Group,Italian PBC Genetics Study Group
ITALSGEN consortium,ITALSGEN consortium
Janssen-CHOP Neuropsychiatric Genomics Working Group,Janssen-CHOP Neuropsychiatric Genomics Working Group
japan glaucoma society omics group (jgs-og),Japan Glaucoma Society Omics Group (JGS-OG)
japan glaucoma society omics group (jgs-og),Japan Glaucoma Society Omics Group (JGS-OG)
Japan Kawasaki Disease Genome Consortium,Japan Kawasaki Disease Genome Consortium
Japan Pharmacogenomics Data Science Consortium,Japan Pharmacogenomics Data Science Consortium
Japan Pharmacogenomics Data Science Consortium (JPDSC),Japan Pharmacogenomics Data Science Consortium
Japan Scoliosis Clinical Research Group,Japan Scoliosis Clinical Research Group
Japan Study Group of Nonalcoholic Fatty Liver Disease,Japan Study Group of Nonalcoholic Fatty Liver Disease
Japanese Genome-Wide Association Study Group for Viral Hepatitis,Japanese Genome-Wide Association Study Group for Viral Hepatitis
Japanese Research Committee on Idiopathic Osteonecrosis of the Femoral Head,Japanese Research Committee on Idiopathic Osteonecrosis of the Femoral Head
japan multi-institutional collaborative cohort (j-micc) study group,J-MICC Study Group
jia gene expression study,JIA Gene Expression Study
J-MICC Study Group,J-MICC Study Group
kConFab,kConFab
KConFab Consortium,kConFab
KConFab Investigators,kConFab
kConFab/AOCS Investigators,kConFab ; AOCS Investigators
Kenyan Bacteraemia Study Group,Kenyan Bacteraemia Study Group
KidneyGen consortium,KidneyGen consortium
Kilifi Bacteraemia Surveillance Group,Kilifi Bacteraemia Surveillance Group
KORA,KORA
KORA Study,KORA
KORA Study Group,KORA
KORA-Study Group,KORA
Korean Kawasaki Disease Genetics Consortium,Korean Kawasaki Disease Genetics Consortium
Leducq Transatlantic MITRAL Network,Leducq Transatlantic MITRAL Network
LeishGEN Consortium,LeishGEN Consortium
LifeLines Cohort Study,LifeLines Cohort Study
LifeLines Cohort Study group,LifeLines Cohort Study
LifeLines Investigators,LifeLines Cohort Study
LISA-10Plus Study Group,LISA-10Plus Study Group
Lung Health Study,Lung Health Study
MacTel Project Consortium,MacTel Project Consortium
MAGIC,MAGIC
MAGIC (Meta-Analyses of Glucose and Insulin-related traits Consortium),MAGIC
MAGIC Consortium,MAGIC
MAGIC Investigators,MAGIC
Major Depressive Disorder Working Group of the Psychiatric Genomics Consortium,Major Depressive Disorder Working Group of the Psychiatric Genomics Consortium
Major Depressive Disorder Working Group of the Psychiatric GWAS Consortium,Major Depressive Disorder Working Group of the Psychiatric Genomics Consortium
Malaria Genomic Epidemiological Network,Malaria Genomic Epidemiological Network
Malaria Genomic Epidemiology Network,Malaria Genomic Epidemiological Network
malariagen,Malaria Genomic Epidemiological Network
MARS Investigators,MARS Investigators
megastroke consortium,Megastroke Consortium
megastroke consortium:,Megastroke Consortium
Members of the International Cohort Collection for Bipolar Disorder (ICCBD),Members of the International Cohort Collection for Bipolar Disorder (ICCBD)
mendel study group,Mendel Study Group
Meta Analysis of Glucose and Insulin Related Traits Consortium,Meta Analysis of Glucose and Insulin Related Traits Consortium
Meta-Analyses of Glucose and Insulin-related traits Consortium,Meta-Analyses of Glucose and Insulin-related traits Consortium
Meta-analyses of Glucose and Insulin-Related Traits Consortium (MAGIC),Meta Analysis of Glucose and Insulin Related Traits Consortium
Meta-Analyses of Glucose- and Insulin-related traits Consortium (MAGIC),Meta Analysis of Glucose and Insulin Related Traits Consortium
Meta-Analyses of Glucose and Insulin-related traits Consortium (MAGIC) Investigators,Meta Analysis of Glucose and Insulin Related Traits Consortium
Meta-Analysis of Glucose and Insulin-related traits Consortium (MAGIC),Meta Analysis of Glucose and Insulin Related Traits Consortium
MEta-analysis of type 2 DIabetes in African Americans (MEDIA) Consortium,MEta-analysis of type 2 DIabetes in African Americans Consortium
MEta-analysis of type 2 DIabetes in African Americans Consortium,MEta-analysis of type 2 DIabetes in African Americans Consortium
MetaStroke,METASTROKE Consortium
METASTROKE Consortium,METASTROKE Consortium
METASTROKE Consortium of the ISGC,METASTROKE Consortium
"METASTROKE Consortium, INVENT Consortium",METASTROKE Consortium ; INVENT Consortium
METASTROKE The Genomics and Randomized Trials Network GARNET Collaborative Research Group,METASTROKE ; The Genomics and Randomized Trials Network GARNET Collaborative Research Group
"METASTROKE, The Genomics and Randomized Trials Network (GARNET) Collaborative Research Group",METASTROKE ; The Genomics and Randomized Trials Network (GARNET) Collaborative Research Group
"METASTROKE, UK Young Lacunar DNA Study, NINDS Stroke Genetics Network, Neurology Working Group of the CHARGE Consortium",METASTROKE ; UK Young Lacunar DNA Study ; NINDS Stroke Genetics Network ; CHARGE
MetGen Investigators,MetGen Investigators
mexican american glaucoma genetic study; international glaucoma genetics consortium; and neighborhood consortium,Mexican American Glaucoma Genetic Study ; International Glaucoma Genetics Consortium ; NEIGHBORHOOD Consortium
Mexican American Type 2 Diabetes (MAT2D) Consortium,Mexican American Type 2 Diabetes (MAT2D) Consortium
Mexico City Childhood Asthma Study (MCAAS),Mexico City Childhood Asthma Study (MCAAS)
mgs collaboration,MGS Collaboration
Michigan Biobank,Michigan Biobank
"va mid-atlantic mental illness research, education, and clinical center workgroup","Mid-Atlantic Mental Illness Research, Education, and Clinical Center (MIRECC) Workgroup"
mid-atlantic mirecc workgroup,"Mid-Atlantic Mental Illness Research, Education, and Clinical Center (MIRECC) Workgroup"
MIGen Consortium,MIGen Consortium
milieu intã©rieur consortium,milieu intã©rieur consortium
MOD SQUAD,MOD SQUAD
Molecular Genetics of Schizophrenia Collaboration,Molecular Genetics of Schizophrenia Collaboration
MolPAGE Consortium,MolPAGE Consortium
"MOnica Risk, Genetics, Archiving and Monograph","MOnica Risk, Genetics, Archiving and Monograph"
MRC/BHF Heart Protection Study Collaborative Group,MRC/BHF Heart Protection Study Collaborative Group
Multicenter Genetic Studies of Schizophrenia Consortium,Multicenter Genetic Studies of Schizophrenia Consortium
Multi-Institutional Research on Alzheimer Genetic Epidemiology (MIRAGE) Study Group,Multi-Institutional Research on Alzheimer Genetic Epidemiology (MIRAGE) Study Group
Multiple Tissue Human Expression Resource (MUTHER) Consortium,MuTHER
MuTHER,MuTHER
MuTHER Consortium,MuTHER
MVP-France,MVP-France
myocardial infarction genetics and cardiogram exome consortia,Myocardial Infarction Genetics Consortium
Myocardial Infarction Genetics Consortium,Myocardial Infarction Genetics Consortium
Myositis Genetics Consortium,Myositis Genetics Consortium
NABEC,NABEC
NABEC Consortium,NABEC
Nagahama Cohort Study Group,Nagahama Cohort Study Group
Nagahama Study Group,Nagahama Cohort Study Group
NASH CRN,NASH CRN
National Emphysema Treatment Trial,National Emphysema Treatment Trial
National Institute of Allergy and Infectious Diseases Center for HIV/AIDS Vaccine Immunology (CHAVI),National Institute of Allergy and Infectious Diseases Center for HIV/AIDS Vaccine Immunology (CHAVI)
National Institute on Aging Late-Onset Alzheimer's Disease Family Study Group,National Institute on Aging Late-Onset Alzheimer's Disease Family Study Group
National Study of Endometrial Cancer Genetics Group,National Study of Endometrial Cancer Genetics Group
National Study Of Endometrial Cancer Genetics Group (NSECG),National Study of Endometrial Cancer Genetics Group
NBCS,NBCS
NBCS Collaborators,NBCS Collaborators
NBSC Collaborators,NBSC Collaborators
NEIGHBOR Consortium,NEIGHBOR Consortium
NEIGHBORHOOD Consortium,NEIGHBORHOOD Consortium
"NETT Genetics, ECLIPSE, and COPDGene Investigators",NETT Genetics ; ECLIPSE Investigators ; COPDGene Investigators
"NETT Genetics, ICGN, ECLIPSE and COPDGene Investigators",NETT Genetics ; ICGN Investigators ; ECLIPSE Investigators ; COPDGene Investigators
NeuroCHARGE (Cohorts for Heart and Aging Research in Genomic Epidemiology) Cognitive Working Group,NeuroCHARGE (Cohorts for Heart and Aging Research in Genomic Epidemiology) Cognitive Working Group
NeuroGenetics Research Consortium (NGRC),NeuroGenetics Research Consortium (NGRC)
Neurology Working Group of the CHARGE Consortium,CHARGE
"Neurology Working Group of the Cohorts for Heart and Aging Research in Genomic Epidemiology (CHARGE) Consortium, the Stroke Genetics Network (SiGN), and the International Stroke Genetics Consortium (ISGC)",CHARGE ; SiGN  ; ISGC
nhlbi reds-iii study investigators,NHLBI REDS-III Study Investigators
NIAID Center for HIV/AIDS Vaccine Immunology,NIAID Center for HIV/AIDS Vaccine Immunology
NIAID Center for HIV/AIDS Vaccine Immunology (CHAVI),NIAID Center for HIV/AIDS Vaccine Immunology
NIA-LOAD/NCRAD Family Study Group,NIA-LOAD/NCRAD Family Study Group
niams jia genetic registry,NIAMS JIA Genetic Registry
NIDDK IBD Genetics Consortium,NIDDK IBD Genetics Consortium
NINDS Stroke Genetics Network (SiGN),NINDS Stroke Genetics Network (SiGN)
NNIPPS Study Group,NNIPPS Study Group
Nonalcoholic Steatohepatitis Clinical Research Network,Nonalcoholic Steatohepatitis Clinical Research Network
nordic iihtt study group,Nordic IIHTT Study Group
nord-trã¸ndelag health study (hunt),Ndelag Health Study (HUNT)
North American Brain Expression Consortium,North American Brain Expression Consortium
North American Brain Expression Consortium (NABEC),North American Brain Expression Consortium
Norway-Bergen cohort,Norway-Bergen cohort
NSHD Respiratory Study Team,NSHD Respiratory Study Team
Nurses' Health Study,Nurses' Health Study
nygc als consortium,NYGC ALS Consortium
OCGN,OCGN
Ontario Cancer Genetics Network,Ontario Cancer Genetics Network
OPAL study group,OPAL study group
Ovarian Cancer Association Consortium,Ovarian Cancer Association Consortium
Ovarian Cancer Association Consortium (OCAC),Ovarian Cancer Association Consortium
Pacific Islands Rheumatic Heart Disease Genetics Network,Pacific Islands Rheumatic Heart Disease Genetics Network
PAGE Consortium,PAGE Consortium
PAGEGE Consortium,PAGE Consortium
PARALS Registry,PARALS Registry
Parkinson's Disease GWAS Consortium,Parkinson's Disease GWAS Consortium
parkinson's progression marker initiative (ppmi) investigators,Parkinson's Progression Marker Initiative (PPMI) Investigators
Parkinson's Study Group (PSG) Parkinson's Research: The Organized GENetics Initiative (PROGENI),Parkinson's Study Group (PSG) Parkinson's Research ; The Organized GENetics Initiative (PROGENI)
Partners in Prevention HSV/HIV Transmission Study Team,Partners in Prevention HSV/HIV Transmission Study Team
PD GWAS Consortium,PD GWAS Consortium
Pediatric Cardiac Genomics Consortium*,Pediatric Cardiac Genomics Consortium
"Pediatric Imaging, Neurocognition, and Genetics Study","Pediatric Imaging, Neurocognition, and Genetics Study"
Pelvic Floor Disorders Network,Pelvic Floor Disorders Network
PGC ADHD Working Group,PGC ADHD Working Group
PGC Bipolar Disorder Working Group,PGC Bipolar Disorder Working Group
PGRN-PNAT Research Group,PGRN-PNAT Research Group
Pirfenidone Clinical Study Group,Pirfenidone Clinical Study Group
PLATO Investigators,PLATO Investigators
PMI-WG-XCP,PMI-WG-XCP
Pneumonitis Study Consortium,Pneumonitis Study Consortium
PR GWAS Consortium,PR GWAS Consortium
PRACTICAL (Prostate Cancer Association Group to Investigate Cancer-Associated Alterations in the Genome) Consortium,PRACTICAL consortium
PRACTICAL consortium,PRACTICAL consortium
PRACTICAL/ELLIPSE Consortium,PRACTICAL Consortium ; ELLIPSE Consortium
PREDICTION-ADR consortium,PREDICTION-ADR consortium
preventcd study group,PreventC Study Group
Price Foundation Collaborative Group,Price Foundation Collaborative Group
Procardis Consortia,Procardis Consortium
Procardis Consortium,Procardis Consortium
profile study,Profile Study
PROGEMUS Group,PROGEMUS Group
"PROGENI Investigators, Coordinators and Molecular Genetic Laboratories","PROGENI Investigators, Coordinators and Molecular Genetic Laboratories"
PROGRESSO Group,PROGRESSO Group
project mine als sequencing consortium,Project MinE GWAS Consortium
Project MinE GWAS Consortium,Project MinE GWAS Consortium
PROMESA investigators,PROMESA investigators
PROSPER Study Group,PROSPER Study Group
duke perioperative genetics safety outcomes (pegasus) investigative team,Duke Perioperative Genetics and Safety Outcomes (PEGASUS) Investigative Team
prostate cancer genome-wide association study of uncommon susceptibility loci (pegasus),Duke Perioperative Genetics and Safety Outcomes (PEGASUS) Investigative Team
"Prostate, Lung Colorectal and Ovarian Cancer Screening Trial","Prostate, Lung Colorectal and Ovarian Cancer Screening Trial"
"Prostate, Lung, Colorectal, and Ovarian (PLCO) Cancer Screening Trial","Prostate, Lung, Colorectal, and Ovarian (PLCO) Cancer Screening Trial"
"PSG-PROGENI and GenePD Investigators, Coordinators and Molecular Genetic Laboratories","PSG-PROGENI and GenePD Investigators, Coordinators and Molecular Genetic Laboratories"
Psoriasis Association Genetics Extension,Psoriasis Association Genetics Extension
psoriasis association genetics extension (page),Psoriasis Association Genetics Extension
PSP Genetics Study Group,PSP Genetics Study Group
Psychiatric Genetics Consortium Major Depressive Disorder Working Group,Psychiatric Genomics Consortium
Psychiatric Genomics Consortium,Psychiatric Genomics Consortium
Psychiatric Genomics Consortium ADHD Working Group,Psychiatric Genomics Consortium
psychiatric genomics consortium: adhd subgroup,Psychiatric Genomics Consortium
Psychiatric GWAS Consortium,Psychiatric Genomics Consortium
Psychiatric GWAS Consortium Bipolar Disorder Working Group,Psychiatric Genomics Consortium
Psychiatric GWAS Consortium: ADHD Subgroup,Psychiatric Genomics Consortium
Psychosis Endophenotypes International Consortium,Psychosis Endophenotypes International Consortium
Q-MEGA and AMFS Investigators,Q-MEGA Investigators ; AMFS Investigators
Q-MEGA and QTWIN Investigators,Q-MEGA Investigators ; QTWIN Investigators
Q-Mega Investigators,Q-MEGA Investigators
QRS GWAS Consortium,QRS GWAS Consortium
QTGEN consortium,QTGEN consortium
QT-IGC Consortium,QT-IGC Consortium
QTSCD consortium,QTSCD consortium
RA Clinical and Genetic Study Consortium,RA Clinical and Genetic Study Consortium
RACI consortium,RACI consortium
Radiogenomics Consortium,Radiogenomics Consortium
REDSII Chagas Study Group from the NHLBI Retrovirus Epidemiology Donor Study-II Component International,REDSII Chagas Study Group from the NHLBI Retrovirus Epidemiology Donor Study-II Component International
REGISTRY investigators,REGISTRY investigators
RENDOCAS,RENDOCAS
reproductive medicine network,Reproductive Medicine Network
ReproGen Consortium,ReproGen Consortium
research consortium on genetics of childhood idiopathic nephrotic syndrome in japan,research consortium on genetics of childhood idiopathic nephrotic syndrome in japan
reveal-hcv cohort study group,REVEAL-HCV Cohort Study Group
RISC (Relationship between Insulin Sensitivity and Cardiovascular Disease) Consortium,RISC Consortium
RISC Consortium,RISC Consortium
Saguenay Youth Study Group,Saguenay Youth Study Group
SAPPHIRe (Stanford Asian and Pacific Program for Hypertension and Insulin Resistance) Study,SAPPHIRe (Stanford Asian and Pacific Program for Hypertension and Insulin Resistance) Study
SardiNIA,SardiNIA
SardiNIA Study,SardiNIA
Schizophrenia Psychiatric Genome-Wide Association Study (GWAS) Consortium,Schizophrenia Psychiatric GWAS Consortium
Schizophrenia Psychiatric GWAS Consortium,Schizophrenia Psychiatric GWAS Consortium
Schizophrenia Working Group of the Psychiatric Genomics Consortium,Schizophrenia Working Group of the Psychiatric Genomics Consortium
SDH Study Group,SDH Study Group
SEARCH,SEARCH
SEARCH Collaborative Group,SEARCH
SEARCH collaborators,SEARCH
SEARCH for Diabetes in Youth Study,SEARCH
SGENE-plus Consortium,SGENE-plus Consortium
SHARP investigators,SHARP investigators
Siblings With Ischemic Stroke Study Investigators,Siblings With Ischemic Stroke Study Investigators
sigma t2d genetics consortium,SIGMA Type 2 Diabetes Consortium
SIGMA Type 2 Diabetes Consortium,SIGMA Type 2 Diabetes Consortium
SLAGEN Consortium,SLAGEN Consortium
SLAGEN Consortium and Collaborators,SLAGEN Consortium
SLALOM Group,SLALOM Group
SLAP Registry,SLAP Registry
SLEGEN,SLEGEN
SLEGEN consortium,SLEGEN
SLI Consortium,SLI Consortium
social science genetic association consortium,Social Science Genetic Association Consortium
South Asian Type 2 Diabetes (SAT2D) Consortium,South Asian Type 2 Diabetes (SAT2D) Consortium
Spanish CGA Group,Spanish CGA Group
spanish consortium on the genetics of coeliac disease (cegec),Spanish Consortium on the Genetics of Coeliac Disease (CEGEC)
Spanish DILI Registry,Spanish DILI Registry
spanish gca group,Spanish CGA Group
Spanish Scleroderma Group,Spanish Scleroderma Group
SpiroMeta Consortium,SpiroMeta Consortium
SPIROMICS Research Group,SPIROMICS Research Group
Spondyloarthritis Research Consortium of Canada (SPARCC),Spondyloarthritis Research Consortium of Canada (SPARCC)
STAR*D Investigators,STAR*D Investigators
starnet,STARNET
Steering Committees of Studies Evaluating IFNÎ²-1b and a CCR1-Antagonist,Steering Committees of Studies Evaluating IFNÎ²-1b and a CCR1-Antagonist
STROKE Consortium,STROKE Consortium
Study of Asthma Phenotypes and Pharmacogenomic Interactions by Race-Ethnicity (SAPPHIRE),Study of Asthma Phenotypes and Pharmacogenomic Interactions by Race-Ethnicity (SAPPHIRE)
Study of Health in Pomerania,Study of Health in Pomerania
"wellcome trust case control consortium 2 (wtccc2), surrogate markers for micro- and macro-vascular hard endpoints for innovative diabetes tools (summit) study group",Wellcome Trust Case Control Consortium 2 ; SUMMIT
substance use disorders working group of the psychiatric genomics consortium,substance use disorders working group of the psychiatric genomics consortium
SUMMIT Consortium,SUMMIT Consortium
SUNLIGHT Consortium,SUNLIGHT Consortium
surrogate markers for micro- and macrovascular hard endpoints for innovative diabetes tools (summit) consortium,SUMMIT Consortium
Surrogate markers for Micro- and Macro-vascular hard endpoints for Innovative diabetes Tools (SUMMIT) study group,SUMMIT Consortium
SWE-BRCA,SWE-BRCA
Swedish Low-Risk Colorectal Cancer Study Group,Swedish Low-Risk Colorectal Cancer Study Group
Swiss Hepatitis C Cohort Study,Swiss Hepatitis C Cohort Study
Swiss Hepatitis C Cohort Study Group,Swiss Hepatitis C Cohort Study
"swiss hepatitis c cohort study group, international hepatitis c genetics consortium",Swiss Hepatitis C Cohort Study ; International Hepatitis C Genetics Consortium
Swiss HIV Cohort Study,Swiss HIV Cohort Study
Swiss Kidney Project on Genes in Hypertension (SKIPOGH) team,Swiss Kidney Project on Genes in Hypertension (SKIPOGH) team
SYS,SYS
T2D-GENES Consortium,T2D-GENES Consortium
Taiwan Kawasaki Disease Genetics Consortium,Taiwan Kawasaki Disease Genetics Consortium
Taiwan Pediatric CV Group,Taiwan Pediatric CV Group
Taiwan Pediatric ID Alliance,Taiwan Pediatric ID Alliance
Taiwan Severe Cutaneous Adverse Reaction Consortium,Taiwan Severe Cutaneous Adverse Reaction Consortium
teddy study group,TEDDY Study
Testicular Cancer Consortium,Testicular Cancer Consortium
Tobacco and Genetics Consortium,Tobacco and Genetics Consortium
TRACK-HD investigators,TRACK-HD investigators
transdisciplinary research in cancer of the lung (tricl)  research team,Transdisciplinary Research in Cancer of the Lung (TRICL) Research Team
Transdisciplinary Research in Cancer of the Lung (TRICL) Research Team,Transdisciplinary Research in Cancer of the Lung (TRICL) Research Team
Translation Research in Europe Applied Technologies for Osteoarthritis (TreatOA),Translation Research in Europe Applied Technologies for Osteoarthritis (TreatOA)
Trauma ALI SNP Consortium (TASC) investigators,Trauma ALI SNP Consortium (TASC) investigators
TREAT Consortium,TREAT Consortium
treat study,TREAT Consortium
TreatOA Collaborators,TREAT Consortium
TREAT-OA Consortium,TREAT Consortium
TRIBE-AKI Consortium *,TRIBE-AKI Consortium
TSRHC Scoliosis Clinical Group,TSRHC Scoliosis Clinical Group
Type 1 Diabetes Genetics Consortium,Type 1 Diabetes Genetics Consortium
Type 2 Diabetes Genetic Exploration by Nex-generation sequencing in muylti-Ethnic Samples (T2D-GENES) Consortium,Type 2 Diabetes Genetic Exploration by Nex-generation sequencing in muylti-Ethnic Samples (T2D-GENES) Consortium
U.S. Scleroderma GWAS group,U.S. Scleroderma GWAS group
UK BiLEVE Investigators,UK BiLEVE Investigators
UK Biobank CardioMetabolic Consortium BP working group,UK Biobank CardioMetabolic Consortium
UK Biobank CardioMetabolic Consortium CHD working group,UK Biobank CardioMetabolic Consortium
uk biobank eye and vision consortium,Vision Consortium
UK Brain Expression Consortium,UK Brain Expression Consortium
UK Brain Expression Consortium (UKBEC),UK Brain Expression Consortium
UK Brain Expression Database,UK Brain Expression Database
UK Genetic Prostate Cancer Study Collaborators,UK Genetic Prostate Cancer Study Collaborators
UK Genetic Prostate Cancer Study Collaborators/British Association of Urological Surgeons' Section of Oncology,UK Genetic Prostate Cancer Study Collaborators
UK Human Brain Expression Database,UK Human Brain Expression Database
UK IBD Genetics Consortium,UK IBD Genetics Consortium
UK Parkinson's Disease Consortium,UK Parkinson's Disease Consortium
UK PBC Consortium,UK PBC Consortium
uk primary biliary cirrhosis (pbc) consortium,UK PBC Consortium
UK Primary SjÃ¶gren's Syndrome Registry,UK Primary Sagren's Syndrome Registry
UK ProtecT (Prostate testing for cancer and Treatment) Study Collaborators,UK ProtecT Study Collaborators
UK ProtecT Study Collaborators,UK ProtecT Study Collaborators
"UK ProtecT Study Collaborators, The Australian Prostate Cancer BioResource",UK ProtecT Study Collaborators ; The Australian Prostate Cancer BioResource
UK Rheumatoid Arthritis Genetics Consortium,UK Rheumatoid Arthritis Genetics Consortium
UK Testicular Cancer Collaboration,UK Testicular Cancer Collaboration
UK Testicular Cancer Collaboration (UKTCC),UK Testicular Cancer Collaboration
uk young lacunar dna study,UK Young Lacunar DNA Study
UK10K Consortium,UK10K Consortium
UKBEC Consortium,UKBEC Consortium
UKGCA Consortium,UKGCA Consortium
UK-PBC Consortium,UK-PBC Consortium
UK-PSC Consortium,UK-PSC Consortium
uk-pscsc consortium,UK-PSC Consortium
Understanding Society Scientific Group,Understanding Society Scientific Group
united dystrophinopathy project,united dystrophinopathy project
united kingdom and ireland renal transplant consortium (ukirtc) and the wellcome trust case control consortium (wtccc)-3,United Kingdom and Ireland Renal Transplant Consortium (UKIRTC) ; Wellcome Trust Case Control Consortium 3
United Kingdom Brain Expression Consortium (UKBEC),United Kingdom Brain Expression Consortium (UKBEC)
united kingdom juvenile idiopathic arthritis genetics consortium (ukjiagc),United Kingdom Juvenile Idiopathic Arthritis Genetics Consortium
US Kawasaki Disease Genetics Consortium,US Kawasaki Disease Genetics Consortium
"VA Mid-Atlantic Mental Illness Research, Education, and Clinical Center (MIRECC) Workgroup","Mid-Atlantic Mental Illness Research, Education, and Clinical Center (MIRECC) Workgroup"
Vasculitis Clinical Research Consortium,Vasculitis Clinical Research Consortium
"Veterans Affairs Mid-Atlantic Mental Illness Research, Education, and Clinical Center Workgroup","Veterans Affairs Mid-Atlantic Mental Illness Research, Education, and Clinical Center Workgroup"
VRCNZ Consortium,VRCNZ Consortium
VTE Consortium,VTE Consortium
Walk-PHAAST Investigators,Walk-PHAAST Investigators
warren 3 and genetics of kidneys in diabetes (gokind) study group,Warren 3 and Genetics of Kidneys in Diabetes (GOKIND)
Welcome Trust Case Control Consortium,Wellcome Trust Case Control Consortium
Wellcome Trust Case Control Consortium,Wellcome Trust Case Control Consortium
Wellcome Trust Case Control Consortium (WTCCC),Wellcome Trust Case Control Consortium
Wellcome Trust Case Control Consortium 2,Wellcome Trust Case Control Consortium 2
Wellcome Trust Case Control Consortium 2 (WTCCC2),Wellcome Trust Case Control Consortium 2
Wellcome Trust Case Control Consortium 2),Wellcome Trust Case Control Consortium 2
"Wellcome Trust Case Control Consortium 2, NEIGHBORHOOD consortium",Wellcome Trust Case Control Consortium 2 ; NEIGHBORHOOD consortium
Wellcome Trust Case Control Consortium 3,Wellcome Trust Case Control Consortium
Wellcome Trust Case Control Consortium Bipolar Disorder Group,Wellcome Trust Case Control Consortium
Wellcome Trust Case Control Consortium;,Wellcome Trust Case Control Consortium
Wellcome Trust Case-Control Consortium,Wellcome Trust Case Control Consortium
Wellcome Trust Case-Control Consortium 2,Wellcome Trust Case Control Consortium 2
Western Regional Alliance for Pediatric IBD,Western Regional Alliance for Pediatric IBD
Writing Committee for the Normal Tension Glaucoma Genetic Study Group of Japan Glaucoma Society,Writing Committee for the Normal Tension Glaucoma Genetic Study Group of Japan Glaucoma Society
WTCCC,Wellcome Trust Case Control Consortium
WTCCC and the Cardiogenics Consortium,Wellcome Trust Case Control Consortium ; Cardiogenics Consortium
WTCCC-2 Consortium,Wellcome Trust Case Control Consortium 2
YEAR Consortium,YEAR Consortium
